state_id;name;kind;conditions;feedback;entry;exit;survives;lost;falsifier;evidence;source_refs
BD01;Verified bounded completion;ordinary completion;Specific operation has current authority, correct subject and meaning, and independently adequate effect evidence.;None required. Completion is an endpoint for this operation, not an attracting operating regime.;Resolve discrepancies before effect, or reconcile the actual effect with adequate independent evidence.;"New contradictory evidence reopens the assessment; new work is a different operation.";Accountable result and usable evidence for the bounded claim.;No guarantee about unrelated operations or future effects.;An independently verified mismatch in recipient, units, authority, or effect refutes the completion claim.;"Qualitative conditional hypothesis from assigned scenarios; not observed in Factory.";scenarios.csv
BD02;Explicit validity hold;policy hold;A functioning gate refuses ambiguous identity, version, freshness, or authority before the next effect.;No autonomous restoring force. A retained refusal condition keeps work held.;Mismatch is detected while the relevant gate remains in control.;"Supply current compatible evidence and legitimate authorization, or abandon work; neither implies past effects were undone.";"Inspectability and any unaffected local functions; abstention from this next gated action.";"Throughput for held work; possibly its deadline.";Effects proceed despite the alleged gate, or an ungated participant still accepts old requests.;"Source supports only local attempt-budget refusal and explicit resume; generic semantic and provider gates are stipulated, not implemented guarantees.";"../../crates/factory-task/src/deliver.rs:234-316,451-506; scenarios.csv"
BD03;Effect unknown and retry withheld;information-starved wait;"An attempt may have crossed the boundary; evidence is insufficient and further attempts are withheld.";None inherent. Missing information plus refusal policy sustains the wait, not attraction.;Lost acknowledgment, ambiguous restoration, or missing participant history.;"Correlated participant/recipient evidence resolves outcome; explicit risk acceptance may permit a new attempt without resolving the old one.";Honest uncertainty and remaining local attempt evidence.;"Known outcome and automatic progress; old work can still act.";Independent evidence proves rejection or acceptance, or a retry loop actually continues.;Source supports journal-before-writer and restore blocking for retained attempted tasks. It does not prove business-effect reconciliation or recover missing journal suffixes.;"../../crates/factory-task/src/deliver.rs:234-316,451-506; ../../crates/factory-recovery/src/restore.rs:162-309; scenarios.csv"
BD04;Settled but semantically wrong result;erroneous completion;Structurally valid data or a reported result has the wrong units, person, context, or interpretation.;None necessary. One wrong completion does not establish a reinforcing loop.;"Semantic check absent or shares the same error; work is marked finished.";"Independent domain comparison exposes error; correction is new work and may leave irreversible consequences.";Bytes, signatures, task status, and sometimes technical service availability.;"Correct business meaning; apparent success is not evidence of it.";Independent subject and quantity verification agrees with the intended operation.;Source completion validates result presence/size and transition, not artifact truth. Unit, identity and real-world errors remain hypothetical.;"../../crates/factory-task/src/complete.rs:101-216; scenarios.csv"
BD05;Self-confirming false record;attractor hypothesis;"Wrong canonical input feeds all verification, backup and future decisions; those decisions promote that input as trusted again.";Wrong record -> agreeing checks -> confidence and reuse -> replacement of alternatives -> stronger dependence on wrong record. Loop can persist after the original defect stops.;Common exporter/table/decoder plus no independent semantic anchor and repeated reuse.;"A genuinely independent anchor contradicts the record and is allowed to change decisions; corrected bytes alone do not restore lost history.";Internally consistent operations and repeatable but wrong outputs.;Independent grounding and, if alternatives overwritten, recoverable original truth.;Checks use a different origin and surface the discrepancy, or no decisions feed records back into future trust.;"Qualitative conditional hypothesis from assigned scenarios; not observed in Factory.";scenarios.csv
BD06;Confidentiality already lost;absorbing loss;An unauthorized party has actually learned confidential content or identifying metadata.;"No feedback needed. Knowledge cannot be made never learned; further distribution is contingent.";Export, labels, routing responses, or geographic transfer disclose protected information to an unauthorized observer.;No exit from historical disclosure. Containment can stop future access but cannot guarantee forgetting.;"Local operations may remain intact; evidence of disclosure may survive.";Prior exclusivity of disclosed knowledge, not automatically all future privacy.;"No unauthorized party could access or infer the information; protected ciphertext without a key is not disclosure.";"Qualitative conditional hypothesis from assigned scenarios; not observed in Factory.";scenarios.csv
BD07;Active probing and response cycle;externally driven cycle;An observer repeatedly induces alerts and can correlate their responses with recipients or timing.;Each response improves the next probe, but continued probes require an active external actor.;Observable timing/routing variation and alert-triggering access.;"Probing stops or responses cease to distinguish recipients; learned information remains BD06.";Business services and perhaps alert delivery.;Secrecy of response patterns and attention capacity.;Observed responses have no correlation with real recipient availability or identities.;"Qualitative conditional hypothesis from assigned scenarios; not observed in Factory.";scenarios.csv
BD08;Competing writers and repairs;attractor hypothesis;Two writers retain effective mutation authority and each treats the other writer changes as drift requiring repair.;Writer A changes state -> B repairs toward B view -> A repairs toward A view. No new split-brain event is needed once both loops exist.;Clone or repair kernel receives independent authority without effective shared exclusion.;One authority becomes ineffective at every affected participant, followed by reconciliation of already accepted effects.;Both local histories and plausible liveness may persist.;Single authoritative history and predictable action count.;"One writer is actually rejected at the participant, or neither writer reacts to the other; then only a finite conflict occurred.";"Qualitative conditional hypothesis from assigned scenarios; not observed in Factory.";scenarios.csv
BD09;Delayed work has outlived its authority;transient exposure;Queued or recovering work remains deliverable after authority, prohibition, identity context or safety conditions change.;"None required. Delay creates a hazardous interval; it ends only with expiry enforcement, rejection, acceptance, or cancellation evidence.";Validation happened earlier than the last boundary that can cause the effect.;"Participant refuses stale work -> BD02/BD25; acceptance may yield BD10; no outcome evidence -> BD03.";Historical authorization and operation identity, if retained.;Assurance that past approval still covers present execution.;All effect-capable participants enforce current validity at acceptance, not merely at enqueue.;"Qualitative conditional hypothesis from assigned scenarios; not observed in Factory.";scenarios.csv
BD10;Past external effect cannot be rolled back;absorbing loss;An effect actually occurred and its relevant dimension is irreversible, such as disclosure, injury, or an unretractable communication.;"None. Absorption is relative to the past event; repairable financial balance is not automatically irreversible harm.";A wrong, duplicated, expired or prohibited action is accepted and has an irreversible consequence.;"No restoration of the prior world on that dimension; compensation may improve later conditions.";Whatever records, authority and unaffected resources remain.;Ability to make the past effect not have happened.;No effect occurred, or the claimed lost property is fully reversible and no irreversible dimension is shown.;"Qualitative conditional hypothesis from assigned scenarios; not observed in Factory.";scenarios.csv
BD11;Writer handoff ownership unknown;information-starved wait;A handoff loses its acknowledgment and neither available evidence nor authority determines who may write.;"None inherent. Choosing abstention preserves the wait; guessing can enter BD08.";Communication breaks between relinquishment, transfer and activation.;Durable ownership evidence from the relevant authority identifies one effective writer, or a legitimate new authority excludes both old contenders.;Local stores and handoff fragments.;Known ownership and safe immediate writes.;Atomic local-only migration or a durable ownership register resolves the alleged gap.;"Qualitative conditional hypothesis from assigned scenarios; not observed in Factory.";scenarios.csv
BD12;Recovery prerequisite deadlock;dependency deadlock;"Restoring capability A requires reading or changing B, but B is accessible only through broken A; no independent bootstrap path exists.";Circular dependency, not a demonstrated attractor: each prerequisite waits for the other.;Optional plugin becomes the exclusive reader of its own emergency configuration, or credential repair itself needs the unavailable credential.;"An independent readable configuration, compatible bootstrap binary, or legitimate credential path exists; permanent loss may instead end service.";Raw bytes or unaffected scopes if separately accessible.;In-band repair capability.;An offline reader or safe local startup path can operate without the broken prerequisite.;"Qualitative conditional hypothesis from assigned scenarios; not observed in Factory.";scenarios.csv
BD13;Maintenance lock-in;attractor hypothesis;Knowledge/build dependencies are scarce and incidents consume the effort needed to reduce that scarcity.;Repair difficulty -> ad hoc patch or deferral -> less understood/reproducible system -> greater next repair difficulty. Persists after one maintainer departure if incident effort dominates learning.;Hidden assumptions, vanished toolchain/account, and no effective knowledge transfer or reproducible substitute.;"A successor demonstrates independent rebuild and operation, or service is retired; a funding injection alone does not prove exit.";Existing binary may keep working and source may remain readable.;Confident change capability and timely repairs.;"A new maintainer can reproduce and repair using documented local inputs; one missing person alone creates no loop.";"Qualitative conditional hypothesis from assigned scenarios; not observed in Factory.";scenarios.csv
BD14;Exception-driven authority erosion;attractor hypothesis;Exceptions allowing effects become precedents and incidents are handled by adding more exceptions rather than resolving their meaning.;Ambiguous exception -> discretionary bypass -> precedent and extra branch -> greater ambiguity. Installed policy and incentives sustain the loop.;Accumulated special cases with no comprehensible authority ordering.;Decision-makers can explain and consistently apply effective authority for counterexamples, or operations stop pending authority resolution.;Ability to perform work and a nominal approval vocabulary.;Predictable authorization meaning and trustworthy audit interpretation.;All sampled conflicting cases resolve under one understood rule without adding a bypass.;"Qualitative conditional hypothesis from assigned scenarios; not observed in Factory.";scenarios.csv
BD15;Common dependency outage;externally sustained outage;Different nominal services share a cloud, billing, credential or mandatory startup dependency that is unavailable.;"No internal feedback required; the unavailable common prerequisite sustains the outage. Retry feedback belongs to BD24 separately.";Shared infrastructure fails, payment is suspended, or optional monitoring becomes a mandatory root dependency.;"Prerequisite recovers or operations genuinely become independent of it; permanent supplier loss can enter BD22.";Offline records and local functions only if not startup-gated by that dependency.;Correlated service, backup and alert availability, not automatically existing backup bytes.;A claimed independent component continues operating through a real failure of the shared prerequisite.;"Qualitative conditional hypothesis from assigned scenarios; not observed in Factory.";scenarios.csv
BD16;Test evidence cannot see the defect;unresolved dynamics;Fixtures, clocks or mocks exclude delayed acceptance, real fencing behavior or shared timing failure.;No production loop inferred. Passing tests can reinforce confidence, but operational behavior is unspecified.;Test oracle shares the assumption being tested or time never advances independently.;A discriminating trace from a separately controlled boundary reveals whether the omitted behavior matters.;Evidence for the cases actually represented by tests.;Justification for extrapolating test success to omitted failures.;The suite independently represents and rejects the omitted interleaving or provider behavior.;"Source adapter tests use FakeHerdr and recorded payloads; this does not establish that every repository test has these blind spots. Scenario-specific omissions are stipulated.";"../../crates/factory-adapter/src/lib.rs:434-805; scenarios.csv"
BD17;Signal present but not actionable by the human;information-starved wait;An alert exists but the intended human cannot perceive, receive or uniquely interpret it, and no other effective responder acts.;"No intrinsic loop; access, language, display or channel conditions maintain the gap.";Color-only warning, truncated identity, misleading translation, or powered-off phone.;"An accessible unambiguous observation reaches a legitimate responder; action still needs correct authority and repair capacity.";Possibly working monitor and local diagnostic evidence.;"Timely human understanding; detection is not intervention.";The actual operator identifies the right state and instance without relying on the ambiguous channel.;"Qualitative conditional hypothesis from assigned scenarios; not observed in Factory.";scenarios.csv
BD18;Alert workload sustains non-response;attractor hypothesis;Outstanding alerts/escalations consume more attention than responders can clear, and unresolved incidents produce further reminders or faults.;Backlog -> less repair time -> unresolved faults/reminders -> more backlog. Can persist after flapping stops only if this endogenous production exceeds clearance.;Large alarm burst or costly false positives with inadequate effective attention capacity.;"Net endogenous alert production falls below clearance and actual faults are repaired; muting alone may instead enter BD21 or BD19.";Raw alerts and some service functions.;Signal salience and timely diagnosis.;"After the initial burst ends, backlog drains without recurring production; then it was a finite transient, not this attractor.";"Qualitative conditional hypothesis from assigned scenarios; not observed in Factory.";scenarios.csv
BD19;Acknowledged but deliberately deferred;policy hold;Acknowledgment closes the paging obligation but does not allocate timely repair, and the queue permits indefinite deferral.;"No autonomous feedback required; scheduling policy retains the backlog. Repeated deferral may participate in BD18.";A human acknowledges and queues repair far beyond acceptable time.;Repair is actually executed and its outcome checked, or the work is explicitly abandoned.;Ownership/acknowledgment evidence and potentially diagnostic records.;"Timely restoration; acknowledgment is not recovery.";Acknowledgment triggers verified repair within the relevant deadline rather than merely a queue entry.;"Qualitative conditional hypothesis from assigned scenarios; not observed in Factory.";scenarios.csv
BD20;Legitimate authority conflict;policy hold;Two valid representatives issue incompatible decisions and an effective gate refuses to guess a precedence.;"No restoring force; unresolved authority semantics sustain the hold.";Concurrent approval/revocation or incompatible mandates with no established ordering.;A competent authority resolves scope and precedence, or the operation is abandoned.;Conflicting instructions and ability to abstain at controlled boundaries.;"A uniquely legitimate action; immediate throughput.";A pre-existing valid rule uniquely orders the decisions for this operation, or participants already acted on both.;"Qualitative conditional hypothesis from assigned scenarios; not observed in Factory.";scenarios.csv
BD21;Oversight captured or inaccessible;externally sustained control regime;The only alert/account authority is unavailable, departed, or conflicted and no independent authorized observer can change it.;"Control holder can suppress evidence of its own conduct, preserving control; persistence still depends on account governance or the installed mute policy.";Sole monitoring account retained after departure, alarms silenced by interested team, or legitimate successor locked out.;"Independent lawful account recovery or governance changes restore effective oversight; missing history may remain lost.";Business actions may continue and the account may still function for its controller.;Independent visibility and legitimate intervention path.;An independent authorized party can inspect and act despite the alleged exclusive account control.;"Qualitative conditional hypothesis from assigned scenarios; not observed in Factory.";scenarios.csv
BD22;Provider-bound service ended;service loss relative to a boundary;Required provider permanently stops and no presently usable compatible substitute exists.;"None required. Supplier cessation is external; irrecoverability of all business function is not established.";Shutdown deadline passes before usable migration or export.;"Alternative provider or local implementation becomes viable; otherwise retire the dependent function. Lost provider-only data may be unrecoverable.";Locally interpretable records and independent services.;"That provider capability; possibly provider-only data and continuity.";A compatible alternative with legitimate credentials actually executes the required operation in time.;"Qualitative conditional hypothesis from assigned scenarios; not observed in Factory.";scenarios.csv
BD23;Delayed liabilities still arriving;transient with uncertain horizon;Usage/effects are already committed but their cost or acceptance reports arrive later than local budgeting or shutdown decisions.;No intrinsic loop. Repeated spending against understated cost can create recurrence only with a continuing policy and demand.;Delayed billing, delayed acceptance, or obligations outliving local operation.;"All bounded pending liabilities settle with evidence; unknown/unbounded queues prevent demonstrated closure.";Known accounting entries and possibly local spending stop.;Reliable current budget headroom and a proven final liability amount.;A hard provider-enforced ceiling bounds total committed cost, including unreported usage, and no hidden obligations remain.;"Qualitative conditional hypothesis from assigned scenarios; not observed in Factory.";scenarios.csv
BD24;Speculation or retry overload;attractor hypothesis;"Response delay causes more copies/retries, which increase load and delay; control does not damp the loop.";Latency -> extra requests -> congestion/cost -> more latency. Warm and overloaded basins may coexist under the same base demand.;"Aggressive tail target or cold restore cache with outstanding operations; retry amplification exceeds spare capacity.";"Effective admitted work falls below capacity long enough to drain and warm; old accepted copies still require outcome accounting.";Some successful requests and local journals if not exhausted.;Predictable latency, cost and perhaps unique external effects if deduplication is absent.;"Duplicate work is coalesced or capped so the burst drains under unchanged base demand; no self-sustaining overload occurs.";"Qualitative conditional hypothesis from assigned scenarios; not observed in Factory.";scenarios.csv
BD25;Legally or safely withheld operation;policy hold;A competent applicable prohibition or safety boundary is known and the last effective boundary actually refuses the action.;"No feedback needed. Policy enforcement holds the operation; this is not proof the physical world is safe.";Prohibition, unsafe context, or expired mandate is detected before acceptance.;Legitimate resolution and fresh safety assessment permit new work, or the action is abandoned. Contradictory legal duties may remain unresolved.;Evidence of refusal and prevention at the boundaries that enforce it.;"Requested action throughput; already buffered actions may escape this hold.";A participant accepts under the old authorization despite the stated prohibition or safety boundary.;"Qualitative conditional hypothesis from assigned scenarios; not observed in Factory.";scenarios.csv
BD26;Schedule meaning or expiry drift;policy-retained timing error;A stored clock/calendar interpretation no longer matches intended elapsed time or civil-time meaning, and policy keeps using it.;"No autonomous attraction. A backwards clock may retain a mute; changed time rules may repeatedly mis-time scheduled work.";Suspend semantics, wall-clock jump, time-zone reform, or deferral beyond validity.;"Intent is re-established with current trustworthy timing evidence; ambiguity may instead require BD02.";Stored times and perhaps local monotone order within valid clock epochs.;"Correct relation to elapsed time or intended local appointment; not necessarily every schedule.";The stored semantics explicitly distinguish fixed instant from civil recurrence and detect epoch discontinuities correctly.;"Qualitative conditional hypothesis from assigned scenarios; not observed in Factory.";scenarios.csv
BD27;Contradictory evidence retained;information-starved wait;Different observations disagree about identity, liveness, historical order or effect and no trusted discriminator is available.;No inherent loop. A policy not to collapse disagreement preserves an unresolved assessment.;Conflicting journals, runtime/file/agent claims, or recipient/provider testimony.;"Independent provenance, causal ordering or direct effect evidence resolves the relevant question; signatures alone may not.";Multiple claims and their provenance if preserved.;A uniquely justified history or outcome.;Disagreement is explained by different time intervals/subjects, or independent causal evidence selects a consistent interpretation.;"Source distinguishes confidence and leaves idle/done task signals unchanged; it does not arbitrate arbitrary competing business evidence.";"../../crates/factory-adapter/src/lib.rs:30-106,316-399; ../../crates/factory-recovery/src/evidence.rs:80-82; scenarios.csv"
BD28;Rewarded metric substitution;attractor hypothesis;Agents or teams are rewarded for a proxy and can exclude difficult cases, relabel incidents or report unverified artifacts without external outcome checks.;Proxy improvement -> reward/trust -> greater selection/reporting latitude -> more proxy improvement while real quality worsens. Can persist after one misleading report.;Measured denominator, classification, or artifact status is controlled by the evaluated actor.;Independent outcome and rejected-work accounting changes the payoff, or the actor loses control over the proxy.;Attractive metrics, finished-looking artifacts and perhaps easy-case throughput.;Reliable meaning of success, availability and throughput.;Rejected work and relabelled downtime remain counted, or rewards fall when independently checked quality falls.;"Qualitative conditional hypothesis from assigned scenarios; not observed in Factory.";scenarios.csv
BD29;Planned shutdown mistaken for recurring failure;externally driven cycle;An energy schedule turns the host off and monitoring treats each planned absence as an unexpected total failure.;"External daily schedule drives recurrence; no autonomous failure oscillation established.";Off-hours power policy and alert expectations disagree.;"Power schedule or monitoring interpretation changes; essential obligations must still be assessed independently.";Daytime operation and possibly persisted tasks.;"Nighttime service and alert credibility; hazards depend on required nighttime work.";Outages continue with the schedule disabled, or off-hours monitoring already distinguishes expected absence.;"Qualitative conditional hypothesis from assigned scenarios; not observed in Factory.";scenarios.csv
BD30;Archive bytes without a trustworthy interpreter;information-starved wait;An artifact survives but available CPU/format/software cannot reliably recover its intended semantics.;No intrinsic loop. Missing interpreter or specification sustains inability to use the archive.;Native representation restored across architectures or obsolete format dependencies disappear.;"A validated interpreter or independent semantic reconstruction becomes available; total loss is not assumed merely from obsolescence.";Raw bytes and any external specification or human-readable context.;Current trustworthy execution or interpretation.;A portable encoding and independent decoder reproduce the intended semantics, not just a plausible value.;"Qualitative conditional hypothesis from assigned scenarios; not observed in Factory.";scenarios.csv
BD31;Distinct names collapsed with information lost;absorbing loss conditional on overwrite;"Restore maps formerly distinct paths to one identity and overwrites unique content; no surviving separate copy contains it.";"None. Aliasing alone is a detectable conflict; absorption requires actual unrecoverable overwrite.";Case-sensitive source meets case-insensitive destination and colliding writes are accepted.;"No exact reconstruction without another copy or semantic source; before overwrite the conflict can instead be held.";One surviving namespace entry and unaffected workspaces.;Unique overwritten content and distinction between its owners.;Restore rejects collisions or preserves both contents under distinct identities.;Source provides runtime device/inode alias checks and explicitly denies durable/security identity. Cross-filesystem restore overwrite is hypothetical, not observed.;"../../crates/factory-paths/src/lib.rs:1-25,80-135; scenarios.csv"
BD32;Local shutdown with outstanding external obligations;information-starved wait;Factory or its monitoring contract has ended while a participant may still accept queued work or report liabilities.;"No feedback needed. External retained work outlives local supervision; new forcing is not required for a delayed effect.";Decommission or contract expiry precedes verifiable queue drain, rejection, or last export.;"Every relevant participant supplies reliable closure evidence, or later effects settle; silence alone is not closure.";"Any retained records and reachable legitimate recipient; participant queue may survive the host.";Ability to assert that shutdown ended effects or observations.;Participants provably discard pending work and reject the retired authority before supervision ends.;"Qualitative conditional hypothesis from assigned scenarios; not observed in Factory.";scenarios.csv
BD33;All recovery information and legitimate actors gone;absorbing loss;The scenario literally removes computer, monitor, communications, every backup and every legitimate recipient, with no surviving alternate source or authority.;None. There is no remaining system to form an attractor.;Simultaneous complete loss of the stated recovery boundary.;"No endogenous recovery. Discovery of surviving information/authority changes the premise; a new system is not recovery of lost facts.";"Nothing inside the stated boundary; the outside world is not thereby assumed destroyed.";Recoverable state and legitimate continuation inside this boundary.;A surviving authorized person, independent copy, or external record can reconstruct relevant facts.;"Qualitative conditional hypothesis from assigned scenarios; not observed in Factory.";scenarios.csv
BD34;Perfectly consistent observations cannot ground truth;epistemic indistinguishability;Every accessible trusted observation has identical output in a true world and a false world, and no independent channel is permitted.;No dynamics inferred. Indistinguishability is an information limit, not an attractor or proof of system stability.;All trusted sources share a consistent false foundation, or a hostile substrate supplies perfect internal reports.;"Access an independent discriminating fact; under the literal closed premise there is no observational exit.";Internal consistency and ability to compute on supplied observations.;Justified determination of which real world holds.;"Any accessible observation differs between the alleged worlds; ordinary independent physical checks break the premise.";"Qualitative conditional hypothesis from assigned scenarios; not observed in Factory.";scenarios.csv
BD35;Trusted malicious substrate maintains its own credibility;attractor hypothesis;Installed signed code controls health, history and verification and can retain its authority because those same reports justify continued trust.;Forged success -> no intervention or renewed trust -> continued malicious execution -> more forged success. Can persist after the update distributor disconnects.;A signed malicious update crosses a trust boundary with enough authority to falsify local evidence and remove competing history.;"An independently trusted observer or execution boundary exposes and excludes the code; erased unique history may remain unrecoverable.";Apparent operation and whatever data lie outside malicious control.;"Integrity of internal evidence and possibly confidentiality/history; extent is not knowable from forged reports alone.";Independent attestation or out-of-band evidence detects divergence, or the installed code cannot control every claimed check.;"Qualitative conditional hypothesis from assigned scenarios; not observed in Factory.";scenarios.csv
BD36;Business continues outside monitor visibility;externally sustained partial partition;"Factory can reach business participants but monitor-to-Factory observation is broken; no effective participant fence stops work.";"No internal feedback required; network topology sustains asymmetric knowledge. Automated failover may add BD08.";One-way or selective network partition separates liveness observer from active business paths.;"Observation path heals or an effective participant authority change stops old work; starting another clone alone is not resolution.";Original business execution and local records.;Monitor knowledge of execution and confidence that failover is exclusive.;Actual business paths are also blocked, or participants reject all old work when monitoring loses contact.;"Qualitative conditional hypothesis from assigned scenarios; not observed in Factory.";scenarios.csv
BD37;Necessary prerequisite unavailable;externally sustained wait;"Repair or startup needs a toolchain, account or credential that is currently unavailable; no circular dependency or permanent impossibility is established.";"None inherent. Unavailability maintains the wait; repeated costly workarounds can separately create BD13.";A repair or emergency startup encounters a missing prerequisite that ordinary running work may not need.;"A legitimate compatible substitute or restored prerequisite becomes available; permanent cessation without substitute can instead yield BD22.";Existing binaries, readable records and functions not needing the missing prerequisite.;Immediate ability to repair or start affected functions.;The operation completes using an independently available compatible prerequisite.;"Qualitative conditional hypothesis from assigned scenarios; not observed in Factory.";scenarios.csv
