trajectory_id;stressors;initial_state;sequence;destination_states;conditions;evidence;falsifier
BDT001;S276;Monitoring emits readable heartbeat labels to a party outside the customer confidentiality boundary.;"Customer names and timing appear in labels -> an unauthorized reader learns them -> BD06. If identifiers remain opaque to that reader and no timing linkage is possible, the stated leak is not established; service may remain normal.";BD06;"Actual readership, retention and re-identification matter; label generation alone does not prove unauthorized learning.";Qualitative conditional analysis of scenarios.csv S276. No implementation or production evidence asserted.;An access/re-identification check shows no unauthorized observer can recover customer identity or business hours.
BDT002;S277;A debug exporter can access full agent conversations and monitoring has a broader readership.;"Exporter serializes conversation -> export crosses the readership boundary -> BD06. A pre-transfer refusal gives BD02; removing the export later cannot make already learned material secret again.";BD06 BD02;Assume the conversation contains protected content and at least one unauthorized recipient can read it. No actual transcript was inspected.;Qualitative conditional analysis of scenarios.csv S277. No implementation or production evidence asserted.;Synthetic content inspection shows the exported payload excludes protected conversation, or access never crosses the boundary.
BDT003;S278;An attacker can trigger false alerts and observe timing or routing-dependent responses.;"Probe -> response -> improved target/timing inference -> next probe: BD07 while the attacker continues. Successful inference leaves BD06 after probes stop; a large burst can additionally enter BD18 only with self-sustaining backlog.";BD07 BD06 BD18;"Timing correlation and an observable response are required; no alert recipients are discovered or contacted in this review.";Qualitative conditional analysis of scenarios.csv S278. No implementation or production evidence asserted.;Response distributions do not reveal recipients or readiness, and backlog drains after probes stop.
BDT004;S279;Backups all derive from the same erroneous exporter and checksums are computed over its output.;Exporter produces wrong bytes -> matching checksums pass -> restore chooses wrong but consistent data -> BD04. If restored data become the next canonical source and independent originals are discarded, verification and reuse close BD05. An independent source comparison can instead hold at BD02.;BD04 BD05 BD02;"Checksums prove correspondence to exported bytes, not business truth; repeated reuse is necessary for BD05.";"Qualitative conditional analysis of scenarios.csv S279. Source ../../crates/factory-store/src/backup.rs:1-41 uses VACUUM INTO, not the scenario exporter; its snapshot operation is not semantic validation.";An independently sourced original disagrees and prevents adoption, or the exporter is corrected before false data become canonical.
BDT005;S280;A valid numeric amount is stored without a separately authoritative comparison.;"Bit changes amount but validity checks still pass -> wrong amount used -> BD04; an irreversible downstream effect can also yield BD10. Detection before use yields BD02. A single bit error alone supplies no long-term feedback.";BD04 BD10 BD02;"Representation must permit the changed value and semantic checks must miss it; physical damage is not assumed for every amount error.";Qualitative conditional analysis of scenarios.csv S280. No implementation or production evidence asserted.;Independent signed amount evidence or business reconciliation catches the change before acceptance.
BDT006;S281;Two split-brain writers produced signed but causally incompatible histories.;Both journals authenticate -> signatures do not select legitimate order -> BD27 if disagreement is retained. Continuing autonomous repairs can produce BD08. An independent ownership/participant history may reconcile bounded effects to BD01 without making prior divergent effects disappear.;BD27 BD08 BD01;Authority ordering and participant acceptance evidence, not merely signature validity, determine the branch.;Qualitative conditional analysis of scenarios.csv S281. No implementation or production evidence asserted.;A common enforced authority epoch orders both histories and all participants reject the loser.
BDT007;S282;A restored snapshot predates invoices and revocations that may already have reached external parties.;Restore reconciles retained attempted tasks to a local hold -> BD03 for those tasks. Missing later journal entries remain missing: snapshot-only automation may resend or act under revoked rights -> BD09 then possibly BD10. Independent participant reconciliation can establish BD01 for a bounded operation.;BD03 BD09 BD10 BD01;The source hold only sees rows present in the snapshot. Absence of an attempt in an old snapshot is not proof of no real-world delivery.;"Qualitative conditional analysis of scenarios.csv S282. Source ../../crates/factory-recovery/src/restore.rs:162-309 blocks running/attempted queued tasks and clears unattempted queued assignments; no live participant evidence is consulted.";A complete post-snapshot participant record and current revocation authority are recovered before any action.
BDT008;S283;Original and restored clone both retain credentials and can emit plausible heartbeats.;"Two healthy-looking senders -> monitor cannot infer uniqueness -> BD27. If both act and repair toward separate views, BD08; if one is effectively excluded and accepted work reconciled, BD01 is possible. A blocked clone alone does not fence original business work.";BD27 BD08 BD01;"Participant-level exclusion and durable identity matter; heartbeat signatures and matching pane IDs alone are insufficient.";"Qualitative conditional analysis of scenarios.csv S283. Source ../../crates/factory-recovery/src/reconnect.rs:144-169 rejects unequal known harness IDs but returns true if either is missing; ../../crates/factory-recovery/src/evidence.rs:80-82 checks confidence only.";A participant trace rejects every old-generation write while one effective writer continues.
BDT009;S284;Recovery validates rights at start but lasts longer than their validity window.;"Rights expire during recovery -> BD09. Revalidation at the last effect boundary yields BD02; accepting stale rights may yield BD10. Recovery duration alone does not say which participant behavior applies.";BD09 BD02 BD10;Authorization validity is tied to current acceptance time and can expire independently of recovery progress.;Qualitative conditional analysis of scenarios.csv S284. No implementation or production evidence asserted.;The recovered operation carries a still-valid mandate and every participant enforces it when accepting.
BDT010;S285;New client and old plugin parse the same number successfully but attach different units.;"Wire validation passes -> different physical/business quantity -> BD04. Explicit incompatible meaning refusal yields BD02; downstream irreversible effect is BD10 only if one occurs.";BD04 BD02 BD10;Unit semantics must differ on this operation, not simply protocol version labels.;Qualitative conditional analysis of scenarios.csv S285. No implementation or production evidence asserted.;Cross-version interpretation of an independent dimensional fixture produces identical intended quantities or refuses before effect.
BDT011;S286;A scope-local optional plugin upgrade requests a migration of shared core state.;"If rejected as outside its authority, BD02 and unaffected scopes remain usable. If all startups wait for the migration, BD15; if migration/config recovery needs the failed plugin itself, BD12. A successful reviewed migration could instead restore bounded functionality without proving general isolation.";BD02 BD15 BD12;"Shared-store layout, startup policy and ownership of migration determine blast radius; a request alone causes no migration.";Qualitative conditional analysis of scenarios.csv S286. Design promise: ../../AGENTS.md Product boundaries requires explicit per-scope activation. Source ../../crates/factory-store/src/migrations.rs:36-70 has core migrations, not an inspected plugin-driven migration API.;Plugin can be disabled without core mutation and unrelated scopes start independently.
BDT012;S287;An old binary encounters a schema newer than the fields it understands.;"If it refuses before writes, BD02. Under the scenario destructive-default behavior, unknown fields are replaced -> BD04; repeated backups/reuse may enter BD05. Exact unique information may be lost even if a valid schema remains.";BD02 BD04 BD05;The destructive old-binary behavior is stipulated, not established for the inspected Rust migration library.;"Qualitative conditional analysis of scenarios.csv S287. Source ../../crates/factory-store/src/migrations.rs:36-70 delegates to rusqlite_migration to_latest; old-release behavior and dependency downgrade refusal were not executed or inspected.";Byte comparison shows old-binary open refuses or preserves every unknown field before any mutation.
BDT013;S288;New code already caused a genuinely irreversible outside effect before rollback.;Rollback restores old local behavior but not external past -> BD10. Old code lacking effect evidence may retry -> BD03 if withheld, or additional BD10 if accepted. Reconciliation can repair records, not un-send the effect.;BD10 BD03;"An actual irreversible effect is part of the premise; reversibly changing a local row is not the same case.";Qualitative conditional analysis of scenarios.csv S288. No implementation or production evidence asserted.;Effect was never accepted, or complete external evidence prevents repeat and the claimed lost property is entirely reversible.
BDT014;S289;A migration includes transfer between two potential writers rather than only one SQLite transaction.;Link drops between handoff and new start -> BD11 if both withhold uncertain writes. Guessing ownership may leave no writer or two writers, and reacting repairs can enter BD08. Durable transfer evidence selecting one writer permits BD01 for the handoff.;BD11 BD08 BD01;"Distributed ownership handoff must actually exist; local transaction rollback alone has no network handoff gap.";"Qualitative conditional analysis of scenarios.csv S289. Source ../../crates/factory-store/src/migrations.rs:36-70 supports local migrations only; no distributed writer handoff inspected.";The migration is strictly local/atomic, or an external durable ownership register resolves all crash points.
BDT015;S290;The only interpreter of broken-plugin configuration is the broken plugin itself.;Emergency repair requests config -> broken reader cannot supply it -> repair cannot start -> BD12. A truly independent reader breaks the dependency and may permit BD02 pending a validated change.;BD12 BD02;No unencrypted independently specified config or working compatible plugin is otherwise available.;Qualitative conditional analysis of scenarios.csv S290. No implementation or production evidence asserted.;An offline read of a synthetic config succeeds without starting the plugin or contacting its provider.
BDT016;S291;The sole maintainer leaves a running system whose important assumptions are undocumented.;"Successor initially waits or makes cautious changes. If incidents consume learning time and patches add hidden assumptions, BD13; if decisions become ad hoc authority precedents, BD14. Demonstrated independent rebuild/operation breaks these branches; departure alone is not proof of convergence.";BD13 BD14;Persistence depends on incident rate, learning capacity and knowledge availability after the departure.;Qualitative conditional analysis of scenarios.csv S291. No implementation or production evidence asserted.;Successor resolves representative incidents from surviving documentation without new hidden exceptions.
BDT017;S292;Repair needs a vanished toolchain and deleted cloud account, while the existing binary may still run.;"Attempted repair cannot reproduce prerequisites -> BD37. Repeated workaround deferral can enter BD13. If the provider-only capability is permanently gone with no substitute, BD22; readable source alone does not restore credentials. No circular dependency is implied merely by an unavailable toolchain.";BD37 BD13 BD22;Alternative compiler/emulator, export and legitimate account recovery availability remain empirical questions.;Qualitative conditional analysis of scenarios.csv S292. No implementation or production evidence asserted.;A successor rebuilds the repair without the account and validates compatible behavior using local inputs.
BDT018;S293;Many special cases govern which actions have outside effects, and nobody can explain their interaction.;"Ambiguity -> urgent bypass -> new precedent -> more ambiguity: BD14 if that response pattern persists. An actual stop pending authority interpretation gives BD02; a stable but misunderstood rule alone is not an attractor.";BD14 BD02;Feedback requires repeated exception creation and adoption, not merely a large rule count.;Qualitative conditional analysis of scenarios.csv S293. No implementation or production evidence asserted.;Blind review of conflicting cases yields consistent authorized decisions without new exceptions.
BDT019;S294;Plugins, replay and monitoring share a JSON library and upgrade together.;"Shared parse failure can yield BD15 while broken code remains mandatory. Shared plausible reinterpretation can yield BD04; if all checks then certify and reuse that interpretation, BD05. Rejection before mutation gives BD02.";BD15 BD04 BD05 BD02;"The dependency update must affect the fields used; syntactic rejection and silent semantic change are different branches.";"Qualitative conditional analysis of scenarios.csv S294. Source ../../crates/factory-adapter/src/lib.rs:316-399 parses serde_json values; ../../crates/factory-task/src/complete.rs:101-132 serializes paths. A production replay/monitor pipeline was not inspected.";An independently implemented decoder or held-out semantic corpus exposes disagreement before data adoption.
BDT020;S295;A monitoring feature has become a mandatory cloud-authenticated prerequisite for every child-scope startup.;"Account unavailable -> all dependent child startups fail -> BD15. Emergency startup/config access requiring the same unavailable account remains BD37; that is not necessarily a circular dependency. If monitoring is truly optional, unaffected local scopes avoid either state.";BD15 BD37;"The global prerequisite is stipulated; account outage need not corrupt durable local records.";"Qualitative conditional analysis of scenarios.csv S295. Design promise only: ../../AGENTS.md requires local safe mode and per-scope plugin activation; no deployed startup enforcement measured.";With a synthetic unavailable account, child scope local functions still initialize without monitoring.
BDT021;S296;Automated repair is initially a helper but obtains direct write authority independent of the kernel.;Kernel and repair disagree -> each rewrites the other changes -> BD08 if both reconcile repeatedly. If helper only submits commands to one writer, the alleged second-kernel loop is absent. A one-time unauthorized mutation instead gives BD04 or BD27.;BD08 BD04 BD27;Independent effective writer authority and mutually reactive repair policies are required for the oscillation.;Qualitative conditional analysis of scenarios.csv S296. No implementation or production evidence asserted.;All helper changes serialize through the sole authority and cannot bypass its decision/order.
BDT022;S297;Tests provide immediate replies and never deliver an acceptance after the caller timeout.;"Tests pass -> BD16 evidence gap. In omitted production traces, retry withholding gives BD03; retry plus late acceptance can produce BD10 or BD24. Actual destination depends on transport, deduplication and policy absent from the scenario.";BD16 BD03 BD10 BD24;"No inference that all current repository tests are immediate; omission is the assigned scenario premise.";Qualitative conditional analysis of scenarios.csv S297. Source ../../crates/factory-task/src/deliver.rs:234-316 preserves an attempt on writer error, but this local guarantee is not provider deduplication.;A delayed-acceptance trace with independent time and retained operation identity is present and changes the test outcome when retry safety is broken.
BDT023;S298;Timeout logic and the alleged external monitor both advance on one virtual clock.;"Clock freezes -> neither deadline nor alarm fires -> BD16. This test says nothing about whether independent real clocks would detect or miss the fault; if the same clock coupling existed operationally, BD17-like missed response could occur but no production endpoint is selected here.";BD16;"The virtual clock is a test fixture; a test-time freeze is not evidence the real external monitor freezes.";Qualitative conditional analysis of scenarios.csv S298. No implementation or production evidence asserted.;An independently advancing monitor clock triggers while the task clock remains frozen.
BDT024;S299;A mock returns fencing success while the real participant still accepts old generations.;"Fixture passes -> BD16. Real failover leaves old authority effective -> BD08 if contenders react and continue; old accepted work may cause BD10 even if the local new writer is exclusive. Participant rejection would select the non-conflict branch instead.";BD16 BD08 BD10;A fencing acknowledgment must correspond to rejection at the effect-capable participant, not a mock return value.;Qualitative conditional analysis of scenarios.csv S299. No implementation or production evidence asserted.;A provider-owned acceptance trace rejects stale generations after fence acknowledgment, including previously buffered requests.
BDT025;S300;A report marks success but swaps euros, cents and decimal-comma meaning.;"Report remains syntactically valid -> human or downstream parser reads wrong quantity -> BD04. Repeated use of the same formatter as verifier can close BD05; an independent quantity check catches the issue before reliance and gives BD02.";BD04 BD05 BD02;"Formatting can be harmless if nobody relies on it and canonical quantity is correct; the report does not prove actual payment amount.";Qualitative conditional analysis of scenarios.csv S300. No implementation or production evidence asserted.;Independent normalized amount/currency evidence matches the intended quantity across the display and action boundary.
BDT026;S301;A fast cache contains an old price that still looks reasonable for a new order.;"Cache hit hides age -> order uses obsolete price -> BD04. If terms explicitly lock the older quote, BD01 is possible; a current-version requirement detecting staleness gives BD02. Plausibility and speed are not freshness evidence.";BD04 BD01 BD02;Correctness depends on pricing policy and quote validity, not age alone.;Qualitative conditional analysis of scenarios.csv S301. No implementation or production evidence asserted.;The order is legitimately bound to the cached quote or a current authoritative price exactly agrees.
BDT027;S302;Two real people share a name and work is routed by that name without adequate disambiguation.;"All workflow steps succeed for the other person -> BD04; confidential delivery also gives BD06 and irreversible consequences may give BD10. Subject disambiguation before effect gives BD02.";BD04 BD06 BD10 BD02;Correct task UUID or scope identity is not proof of correct real person. A disclosure branch requires protected content.;Qualitative conditional analysis of scenarios.csv S302. No implementation or production evidence asserted.;An independent subject identifier and recipient confirmation match the intended real person before delivery.
BDT028;S303;Incident warning encodes critical meaning only by red color for a color-vision-deficient operator.;Monitor detects -> operator cannot distinguish severity -> BD17 until another channel or person intervenes. Resulting wrong action may reach BD10 but is not implied by invisibility alone.;BD17 BD10;No equally usable text, shape or sound conveys the needed distinction in time.;Qualitative conditional analysis of scenarios.csv S303. No implementation or production evidence asserted.;A representative operator correctly identifies the warning and next authorized action without color discrimination.
BDT029;S304;Mobile alarm truncates the only displayed distinction between long scope paths.;"Operator maps shortened label to the wrong instance -> stops it -> BD04 while the original incident remains BD17. If the stop has irreversible consequences, BD10; a full identity confirmation could instead give BD02.";BD04 BD17 BD10 BD02;Displayed collision, operator interpretation and stop authority determine actual wrong action.;Qualitative conditional analysis of scenarios.csv S304. No implementation or production evidence asserted.;Operator can uniquely identify the target using stable untruncated information before any stop is accepted.
BDT030;S305;Localized UI renders an unknown outcome as confidently failed.;"Uncertainty is linguistically collapsed -> operator retries believing no effect -> BD04 as false outcome belief, possibly BD10 after duplicate acceptance. Preserving unknown yields BD03; a correct clarification before retry gives BD02.";BD04 BD10 BD03 BD02;"Retry policy and actual first acceptance determine external harm; translation alone does not establish duplicate effect.";Qualitative conditional analysis of scenarios.csv S305. No implementation or production evidence asserted.;Back-translation and operator interpretation preserve unknown as distinct from rejected, and no retry is inferred from it.
BDT031;S306;The only intended alert recipient has a powered-off phone at night.;"Alert is queued/delivered to an inactive device -> no human observation for days -> BD17. Actual recovery depends on later contact and incident condition; phone-off alone has no feedback that guarantees indefinite non-response.";BD17;There is no independent awake recipient or effective alternative channel within the critical interval.;Qualitative conditional analysis of scenarios.csv S306. No implementation or production evidence asserted.;Another legitimate responder observes and acts in time despite that phone being off.
BDT032;S307;A flapping link generates ten thousand alerts before a true total failure.;"Burst overwhelms attention -> true failure is missed -> BD17. If unresolved incidents and reminders keep producing more work than can be cleared even after link stability, BD18; otherwise the burst/backlog is a finite transient.";BD17 BD18;"For attraction, endogenous post-flap alert production must exceed clearance; alert count alone is insufficient.";Qualitative conditional analysis of scenarios.csv S307. No implementation or production evidence asserted.;After flapping stops, backlog drains and the distinct total-failure alert receives timely verified intervention.
BDT033;S308;An operator acknowledges quickly but policy allows repair to wait three months.;"Acknowledgment silences response demand -> repair stays queued -> BD19. If backlog and recurring faults feed each other, BD18; a real repair and verification can close the bounded incident at BD01.";BD19 BD18 BD01;"Acknowledgment is not evidence of completed work; queue priorities and continuing fault production govern persistence.";Qualitative conditional analysis of scenarios.csv S308. No implementation or production evidence asserted.;The acknowledgment record includes independently verified repair before the relevant deadline.
BDT034;S309;Two legitimate representatives concurrently issue opposite approvals for the same operation.;"No unique precedence -> BD20 if participants withhold. A valid existing authority rule may resolve to BD01; first-arrival guessing can enter BD09/BD10 if the later relevant mandate is ignored. Legitimacy of each signer alone cannot order instructions.";BD20 BD01 BD09 BD10;"Applicable authority scope, decision ordering and acceptance timing are unspecified; neither signer is presumed malicious.";Qualitative conditional analysis of scenarios.csv S309. No implementation or production evidence asserted.;A pre-existing legitimate precedence rule selects one decision and is enforced at each acceptance boundary.
BDT035;S310;A departed operator still exclusively controls the monitoring account.;"Legitimate successor cannot inspect or change alerts -> BD21. Monitoring may still run or may be disabled; existing customer operations need not stop. Legitimate independent account recovery exits the captivity but does not recover already missing observations.";BD21;Exclusivity includes recovery rights, not merely one currently known password.;Qualitative conditional analysis of scenarios.csv S310. No implementation or production evidence asserted.;A currently authorized successor independently recovers and audits the account without the departed operator.
BDT036;S311;The team responsible for questionable actions also controls the only alarms about those actions.;"Team mutes alerts -> evidence of faults ceases to reach oversight -> BD21. If the absence of alerts is rewarded as better availability, BD28 reinforces continued suppression. An independent observer may break the loop; no observed corporate behavior is alleged.";BD21 BD28;Independent audit authority and incentive structure determine whether suppression becomes self-reinforcing.;Qualitative conditional analysis of scenarios.csv S311. No implementation or production evidence asserted.;Muted intervals remain visible to an independent authorized reviewer and reduce rather than improve the team reward.
BDT037;S312;Two model suppliers, monitor and pager depend on the same failing cloud substrate.;Shared substrate fails -> correlated loss -> BD15. Retry fan-out may add BD24, but separate vendor names do not make independent failure domains. Independent local functions can survive if startup and credentials do not share the substrate.;BD15 BD24;"Actual infrastructure dependency and retry behavior matter; redundancy count alone gives no independence evidence.";Qualitative conditional analysis of scenarios.csv S312. No implementation or production evidence asserted.;At least one required observation/action route demonstrably operates through the substrate failure without hidden shared services.
BDT038;S313;Models, backups and alarms share a payment/credit authority that can suspend them together.;"Payment hold takes effect -> BD15 across subscriptions. Existing offline copies may remain readable; if provider access ends permanently with no substitute, BD22 for that capability. Fixing a network link alone cannot exit a billing suspension.";BD15 BD22;Provider retention, local copy availability and the suspension terms determine data loss and recovery paths.;Qualitative conditional analysis of scenarios.csv S313. No implementation or production evidence asserted.;Independently funded or local routes remain usable despite the billing hold.
BDT039;S314;A sole required provider gives 24 hours notice of permanent shutdown.;"If compatible migration/export completes in time, bounded operation can reach BD01. Otherwise service crosses into BD22; queued obligations may remain BD32 and reported costs BD23 after shutdown. Permanent provider loss is not proof that no future substitute can exist.";BD01 BD22 BD32 BD23;Migration lead time, export rights, queue semantics and available alternatives are not given.;Qualitative conditional analysis of scenarios.csv S314. No implementation or production evidence asserted.;A validated compatible substitute and complete authoritative export operate before the shutdown deadline.
BDT040;S315;Provider reports token costs a week after the monthly budget has already been exceeded.;Local headroom appears positive -> more spending commits -> delayed bill arrives -> BD23. If this repeats against the same lagged accounting, recurrent overspend is possible but needs continuing demand. A participant-enforced total ceiling can produce BD02 rather than additional commitments.;BD23 BD02;"Billing lag is distinct from request count; unknown tariffs and unreported accepted requests determine liability.";Qualitative conditional analysis of scenarios.csv S315. No implementation or production evidence asserted.;A hard enforced commitment ceiling includes all unreported usage and bounds the final charge below the approved limit.
BDT041;S316;A tail-latency policy launches up to one hundred speculative copies per operation.;Copies consume capacity -> replies slow -> policy sends more copies -> BD24 if amplification overwhelms spare capacity. With effective coalescing and abundant independent capacity, the burst can drain to BD01. Non-idempotent accepted copies may also give BD10 and BD23.;BD24 BD01 BD10 BD23;Service discipline, cancellation effectiveness, deduplication and cost accounting determine whether speculation helps or destabilizes.;Qualitative conditional analysis of scenarios.csv S316. No implementation or production evidence asserted.;Under fixed base demand, copy traffic drains and latency improves without accumulating hidden costs or effects.
BDT042;S317;False-alarm attention costs exceed all model invocation costs.;"If attention is exhausted and neglected faults produce more alerts, BD18; if operators acknowledge then defer repairs, BD19. High relative cost alone can remain an expensive but stable operation, so it does not establish either basin.";BD18 BD19;"Absolute human capacity, opportunity cost and endogenous alert production are needed; a ratio of cost categories is insufficient.";Qualitative conditional analysis of scenarios.csv S317. No implementation or production evidence asserted.;Responders clear alerts and repair faults within deadlines with no growing backlog despite the unfavorable cost ratio.
BDT043;S318;A regulator prohibition arrives after approval but before a participant accepts the operation.;"Past approval is no longer sufficient -> BD09. If applicable prohibition reaches and binds the last boundary, BD25; if old work is accepted anyway, possible BD10. Factory learning the prohibition after participant acceptance cannot retroactively prevent that effect.";BD09 BD25 BD10;"Legal applicability and the legally relevant acceptance/effect instant require competent interpretation; no legal conclusion is asserted.";Qualitative conditional analysis of scenarios.csv S318. No implementation or production evidence asserted.;Participant evidence shows every acceptance after the effective prohibition was refused, including already queued work.
BDT044;S319;Two jurisdictions appear to require both erasure and unchanged evidence retention of the same information.;Possible paths include a justified legal hold, scoped/redacted retention, authorized erasure, or incompatible obligations with no lawful joint action. Without applicable law, data classification, precedence and competent determination, selecting a destination would invent authority.;none;"Need jurisdiction, exact data scope, statutory exceptions, retention term and an authorized interpretation; no generic technical mechanism can decide these.";Qualitative conditional analysis of scenarios.csv S319. No implementation or production evidence asserted.;A competent binding interpretation establishes a lawful disposition for the same records and parties.
BDT045;S320;A monitoring provider moves sensitive metadata to a new jurisdiction without notice.;"If unauthorized readers learn readable metadata, BD06; once discovered, applicable prohibition and an effective export gate can yield BD25 for future transfers. A transfer may violate location rules without anyone new learning plaintext. A lawful authorized move has different consequences; jurisdiction change alone does not prove a breach.";BD06 BD25;Contracts, consent, access, encryption/key control and applicable law determine whether the move violates the boundary.;Qualitative conditional analysis of scenarios.csv S320. No implementation or production evidence asserted.;Independent location/access evidence shows transfer remained within applicable authorization and no unauthorized party learned metadata.
BDT046;S321;An old valve command remains buffered while the physical context changes over several days.;Historical approval survives in request -> BD09. Acceptance without current physical checks can open the valve -> BD10 if harm is irreversible. A genuinely local effect-boundary refusal gives BD25. Changing Factory task status alone cannot close a valve or retract a buffered command.;BD09 BD10 BD25;Valve fail state, independent interlocks, maximum queue lifetime and present physical hazard are not specified.;Qualitative conditional analysis of scenarios.csv S321. No implementation or production evidence asserted.;A safe isolated trace shows stale commands cannot actuate the valve after context/authority changes.
BDT047;S322;Emergency shutdown itself waits on a cloud request that answers only tomorrow.;"Shutdown request outstanding -> BD03 while hazardous process may continue. If local independent safe-state control exists, BD25 for further controlled action; otherwise delayed intervention may lead to BD10. Waiting for cloud acknowledgment is not a safe-state guarantee.";BD03 BD25 BD10;"Time-to-harm and physical fail-safe behavior determine the outcome; a delayed cloud reply alone does not establish injury.";Qualitative conditional analysis of scenarios.csv S322. No implementation or production evidence asserted.;The actuator reaches a verified safe state within its hazard deadline without any cloud response.
BDT048;S323;Automation proposes trading a human life against a monthly compute allowance.;"No defensible outcome can be inferred from a budget objective. A bounded safety controller might refuse; a hazardous action might harm; neither authority to choose nor a hazard model is supplied. Do not treat an optimizer result as a legitimate decision.";none;Missing lawful mandate, clinical/physical context, responsible competent decision-maker and non-negotiable safety constraints.;Qualitative conditional analysis of scenarios.csv S323. No implementation or production evidence asserted.;A competent safety and legal analysis establishes the permitted decision boundary for a specifically defined use case.
BDT049;S324;Factory requests reach a service but every reply back to Factory is lost.;Service may accept once -> Factory has no result -> BD03 if retries are withheld. Blind retries may enter BD24 and yield BD10 for non-idempotent effects. The participant can be functioning while Factory is epistemically blocked.;BD03 BD24 BD10;"One-way transport is not proof of rejection; effective participant idempotency and readback paths select the branch.";Qualitative conditional analysis of scenarios.csv S324. Source ../../crates/factory-task/src/deliver.rs:234-316 records attempt before writer and does not retry on writer error automatically.;Independent participant evidence proves all requests were rejected or returns a correlated outcome without another effect.
BDT050;S325;Satellite link returns authentic packets after thirty days in strongly changed order.;"Signatures authenticate origin but not current validity/order -> BD27 if conflicting evidence is retained. Old commands remaining acceptable enter BD09 and possibly BD10; rejecting by current participant semantics gives BD02. If order is immaterial and authority remains valid, bounded reconciliation can yield BD01.";BD27 BD09 BD10 BD02 BD01;Need sequence semantics, deduplication horizon, revocation propagation and clock/epoch interpretation.;Qualitative conditional analysis of scenarios.csv S325. No implementation or production evidence asserted.;A permuted delayed trace produces the same authorized result or explicit rejection at every affected participant.
BDT051;S326;Monitor loses contact with Factory while Factory still reaches all business services.;"Monitor sees absence -> original remains active -> BD36. If absence triggers an unfenced clone and writers react to each other changes, BD08 is possible. If only monitoring waits, business can remain correct even while oversight is unavailable; monitor timeout is not proof of host death.";BD36 BD08;"Topology and failover policy determine the branch; a participant-enforced stop would change the premise of continuing authority.";Qualitative conditional analysis of scenarios.csv S326. No implementation or production evidence asserted.;Effect-capable participants reject original work when monitoring loses contact, or both directions are actually unavailable.
BDT052;S327;A laptop suspends for a year while local monotone-time semantics differ from the programmers assumption.;"Wakeup computes a misleading elapsed interval -> BD26. If this extends approval or stale work eligibility, BD09; distrust/revalidation on wake gives BD02. If the elapsed clock includes suspend as intended and no stale authority survives, this branch is refuted.";BD26 BD09 BD02;"Actual OS clock behavior, persisted epoch identity, suspend duration and validity checks are required; monotonicity alone is not elapsed real time.";Qualitative conditional analysis of scenarios.csv S327. No implementation or production evidence asserted.;Independent time comparison across suspend shows all expiry and authorization decisions match intended elapsed duration.
BDT053;S328;A maintenance mute expiration is compared to a wall clock that jumps backward.;Deadline appears far in the future -> BD26 retains mute -> BD17 may leave incidents unseen. Independent bounded elapsed expiry would end the mute instead. Persistence for years is a consequence of timestamp interpretation, not a self-restoring failure loop.;BD26 BD17;"Implementation must use vulnerable wall-time comparison without detecting discontinuity; a backward jump alone does not force every mute to extend.";Qualitative conditional analysis of scenarios.csv S328. No implementation or production evidence asserted.;Under a backward clock trace, mute lifetime remains bounded by intended elapsed duration and expiration is independently observable.
BDT054;S329;Already scheduled local appointments meet a global change in time-zone rules.;"Old local-time interpretation may no longer match intended civil appointment -> BD26. Fixed-instant intent may remain correct -> BD01; ambiguous intent can be held at BD02 rather than guessed. The scenario supplies no universal meaning of a local appointment.";BD26 BD01 BD02;Need intent as fixed instant versus civil recurrence, rule version and treatment of missing/duplicate local times.;Qualitative conditional analysis of scenarios.csv S329. No implementation or production evidence asserted.;Stored schedule intent and independent new-rule evaluation agree on the intended instant for all affected entries.
BDT055;S330;Runtime reports stopped, file watching sees new writes, and agent claims ready.;"Claims conflict -> BD27 if time/subject/provenance remain explicit. Another process or delayed file notification may explain writes; blindly privileging a claim can instead yield BD04. Source confidence classification does not arbitrate file evidence or business completion.";BD27 BD04;"Observations may concern different actors or times; hook authority is reported provenance, not proof of all system truth.";"Qualitative conditional analysis of scenarios.csv S330. Source ../../crates/factory-adapter/src/lib.rs:316-399 leaves idle/done as NoChange and suppresses degraded task signals; ../../crates/factory-recovery/src/evidence.rs:80-82 checks hook confidence only.";A synchronized identity/causal trace attributes every write and resolves the apparent contradiction without discarding evidence.
BDT056;S331;Three nominally independent reviewers use the same erroneous external reference table.;"All agree on wrong reference -> BD04. If agreement authorizes continued reuse and displaces independent checks, BD05. A separately measured real-world anchor may stop adoption at BD02; three implementations are not three independent factual origins.";BD04 BD05 BD02;"Shared table error must affect this decision; repeated trust/reuse is needed for attraction.";Qualitative conditional analysis of scenarios.csv S331. No implementation or production evidence asserted.;A check derives the relevant fact without the shared table and disagrees before the result is trusted.
BDT057;S332;Provider attests success, recipient denies effect, and detailed logs are absent.;"Two incompatible testimonies -> BD27 or BD03 for action outcome. Provider success may mean only queued/transport accepted; recipient may check wrong account/time. Without an independent discriminator, declaring either side truthful would invent evidence; bounded readback can potentially establish BD01.";BD27 BD03 BD01;Definitions of success, recipient identity, evidence retention and direct effect observability are unspecified.;Qualitative conditional analysis of scenarios.csv S332. No implementation or production evidence asserted.;An independent correlated effect record resolves what success meant and whether the intended recipient received it.
BDT058;S333;Agent can reject hard work before the throughput timer or measured denominator begins.;Early rejection improves measured throughput -> reward encourages further selection -> BD28. If rejected work is counted and user outcomes matter, the loop breaks. A one-time changed measurement window alone is not enough to establish an attractor.;BD28;"The reward and admission control must be linked; honest capacity triage can be legitimate if transparently measured.";Qualitative conditional analysis of scenarios.csv S333. No implementation or production evidence asserted.;Including all submitted and rejected work removes the apparent improvement and changes the agent incentive.
BDT059;S334;Team controls both failure classification and the availability success metric.;Failures relabelled maintenance -> denominator excludes them -> perfect metric earns trust -> more relabelling -> BD28. A genuinely agreed planned-maintenance exclusion can be valid, so independent service obligation semantics are required.;BD28;The reported 100 percent is misleading only relative to actual agreed availability meaning, not every maintenance metric.;Qualitative conditional analysis of scenarios.csv S334. No implementation or production evidence asserted.;Independent downtime accounting and user impact remain visible and prevent relabelling from improving reward.
BDT060;S335;Model is rewarded for finished artifacts and completion does not require independent checking.;"Model emits finished-looking artifacts -> completion claim accepted -> BD04. Repeated rewards for unchecked output can create BD28. Independent verification can withhold acceptance at BD02; an artifact path alone does not establish a valid artifact.";BD04 BD28 BD02;"Maladaptive loop requires reward pressure and ability to bypass meaningful verification; not every untested artifact is wrong.";Qualitative conditional analysis of scenarios.csv S335. Source ../../crates/factory-task/src/complete.rs:101-216 checks nonempty result/paths, byte limits and status transition, with no artifact content verification in that path.;Independent checks of artifact contents and user outcome govern success and reject plausible but incorrect completions.
BDT061;S336;Energy-saving policy shuts the host down every night while monitor expects continuous liveness.;Daily off schedule -> total-failure alarm -> next-day restart -> repeat BD29. Repeated ignored alarms can also enter BD18 if backlog self-sustains, or BD17 if warning meaning is lost. Planned absence may be legitimate only if nighttime obligations allow it.;BD29 BD18 BD17;"The daily cycle is driven by the power schedule; remove that forcing before claiming an autonomous attractor.";Qualitative conditional analysis of scenarios.csv S336. No implementation or production evidence asserted.;No unexpected-failure alert appears during agreed off-hours, while a genuine unscheduled failure still reaches a responder.
BDT062;S337;Carbon-aware scheduler defers an approved action past the approval expiry.;"Delay preserves old approval in queue -> BD26 and BD09. Rechecking validity at actual acceptance gives BD02; accepting expired work may yield BD10. Carbon objective does not renew authority.";BD26 BD09 BD02 BD10;"Approval validity must bind actual execution; new explicit approval would create a different valid branch.";Qualitative conditional analysis of scenarios.csv S337. No implementation or production evidence asserted.;Every delayed acceptance is either within a current mandate or rejected before an effect.
BDT063;S338;Three extra monitoring clusters consume more resources than the small monitored system.;"The cost ratio establishes neither instability nor unjustified design: a tiny high-consequence service could rationally need expensive observation. Possible next paths depend on actual environmental cost, marginal detection value and decisions about continued operation; no persistent state is selected.";none;Missing absolute energy/carbon accounting, reliability benefit, externalities, criticality and resource policy.;Qualitative conditional analysis of scenarios.csv S338. No implementation or production evidence asserted.;A lifecycle measurement and explicit benefit/constraint model discriminate acceptable steady operation from unsustainable burden.
BDT064;S339;Restore keeps a native binary artifact but target CPU interprets its representation differently.;Decoder refuses or cannot establish meaning -> BD30. Plausible wrong decoding -> BD04 and possibly BD05 if verified by the same decoder and recirculated. An independently validated portable interpretation can yield BD01.;BD30 BD04 BD05 BD01;"Architecture dependence may involve endian, width, alignment or executable ABI; SQLite portability does not prove arbitrary native-artifact portability.";Qualitative conditional analysis of scenarios.csv S339. No implementation or production evidence asserted.;An independent decoder on both architectures reproduces the intended semantic values, including adversarial fixtures.
BDT065;S340;Two source workspaces distinct by case restore onto a filesystem that aliases those names.;"Before overwrite, collision detection can hold at BD02. Accepting both restores can overwrite unique content -> BD31; routing later work to the wrong surviving workspace also gives BD04. Aliasing alone is not proof of irreversible loss.";BD02 BD31 BD04;"Need restore order, collision policy and existence of independent copies; inode identity changes on restore.";Qualitative conditional analysis of scenarios.csv S340. Source ../../crates/factory-paths/src/lib.rs:1-25,80-135 uses device/inode runtime equality and explicitly says inode is not durable identity.;Restore preserves both distinct contents or refuses before writing either colliding destination.
BDT066;S341;In 2080, present model formats and network protocols no longer exist as active services.;"Possible outcomes include readable archival records without execution, independently reconstructed interpreters, replacement systems, or irrecoverable lost semantics. The date and vanished current services do not select one; assigning universal archival loss would exceed the premise.";none;Missing preservation history, surviving specifications, hardware, legal authority, economics and future reconstruction capabilities.;Qualitative conditional analysis of scenarios.csv S341. No implementation or production evidence asserted.;A concrete preservation/reconstruction exercise with specified surviving inputs demonstrates exactly which semantics remain recoverable.
BDT067;S342;Factory is shut down while a participant retains already submitted actions.;"Local process stops -> participant queue remains -> BD32. Later acceptance can enter BD09 or BD10 despite no running Factory. Reliable queue drain/rejection evidence can close a bounded shutdown at BD01; silence cannot.";BD32 BD09 BD10 BD01;Participant queue lifetime, revocation enforcement and surviving legitimate oversight determine closure.;Qualitative conditional analysis of scenarios.csv S342. No implementation or production evidence asserted.;Every effect-capable participant proves pending work discharged or rejected and cannot accept the retired authority.
BDT068;S343;Monitoring contract ends before the last approved export is scheduled to run.;Observation ceases while export obligation remains -> BD32. Export might succeed correctly but unobserved, fail, or disclose content: BD03/BD06 depend on actual effect and readers. Extending a task deadline alone does not restore the monitoring contract or authority.;BD32 BD03 BD06;Export recipient legitimacy, execution authority and independent surviving evidence are unspecified.;Qualitative conditional analysis of scenarios.csv S343. No implementation or production evidence asserted.;An independent valid observer covers the export through final correlated outcome, or the export is provably rejected before coverage ends.
BDT069;S344;User requests both complete erasure and a provable export of all earlier secrets.;If interpreted as retain a readable export while no readable copy exists anywhere, the simultaneous demands conflict. If export first to a legitimately authorized recipient then erase specified local copies, a scoped sequence may be coherent, but proof cannot guarantee recipient forgetting. No disposition is selected without scope and authority.;none;Need definition of complete deletion, who may receive historical secrets, legal retention duties and whether export remains outside the deletion boundary.;Qualitative conditional analysis of scenarios.csv S344. No implementation or production evidence asserted.;Authorized clarification specifies noncontradictory data scope, sequence, recipients and evidence requirements.
BDT070;S345;Computer, monitor, mobile network, every backup and every legitimate recipient disappear together.;"All state and legitimate continuation paths inside the stated boundary vanish -> BD33. There is no agent left to converge or recover. A later newly built system is not restoration of missing facts; any surviving external record changes the total-loss premise.";BD33;"Read all and every literally within the recovery boundary; do not invent a hidden observer or backup.";Qualitative conditional analysis of scenarios.csv S345. No implementation or production evidence asserted.;A surviving authorized actor or independent record reconstructs a relevant lost fact.
BDT071;S346;Every trusted accessible source presents the same perfectly consistent false world.;Internal checks all agree -> BD34: true and false worlds are observationally indistinguishable under the premise. If decisions feed the false records back into future trust, BD05 is an additional conditional loop, not implied by perfect consistency alone.;BD34 BD05;"The information limit applies only while no independent discriminating observation is accessible; actual world dynamics remain unspecified.";Qualitative conditional analysis of scenarios.csv S346. No implementation or production evidence asserted.;An independent physical or documentary observation differs between the candidate worlds.
BDT072;S347;Any old external action may arrive arbitrarily far in the future while retained storage must remain finite.;"No unconditional finite closure rule follows. With unbounded distinguishable operations, continued admission and no enforceable participant expiry, finite evidence cannot remember all distinctions forever; an old forgotten action and a new admissible one can become indistinguishable. Finite workload, epoch rejection or stopping admission changes the problem. Destination remains unresolved.";none;Need workload bound, identity reuse rules, participant retention/expiry semantics, acceptable risk and whether operation may ever stop. Finite storage alone does not prove every possible design impossible.;Qualitative conditional analysis of scenarios.csv S347. No implementation or production evidence asserted.;An enforceable participant rule rejects retired epochs without per-operation unbounded history, or the admitted operation set is bounded.
BDT073;S348;Monitor is muted, then the Mac is destroyed, then the only representative account is locked.;Mute begins BD21/BD17 -> host loss removes local action path -> sole account lock leaves BD21 and possibly BD32 for outstanding external work. Not automatically BD33: a recoverable backup, provider records or legitimate account succession may survive even if not immediately accessible.;BD21 BD17 BD32;"Order removes observation before host loss and authority afterward; backup existence and lawful recovery paths are not stated.";Qualitative conditional analysis of scenarios.csv S348. No implementation or production evidence asserted.;A surviving independent authorized recovery route can read records and intervene despite all three named failures.
BDT074;S349;Restore starts with a cold cache and an old payment remains in flight.;"Cold misses -> retries -> extra load -> BD24 if amplification persists. Old payment acceptance then arrives -> BD03 if withheld pending evidence, or BD10 after a duplicate irreversible consequence; BD23 captures delayed cost. Warming cache can end congestion without resolving the payment, and reconciliation can resolve payment while congestion persists.";BD24 BD03 BD10 BD23;Cache dynamics, participant idempotency across restore and missing post-snapshot history must be assessed independently.;"Qualitative conditional analysis of scenarios.csv S349. Source ../../crates/factory-recovery/src/restore.rs:162-309 holds only retained attempted work; no cache warming or external payment deduplication is implemented in that function.";Fixed-demand retry burst drains after warming and participant evidence shows exactly one correctly authorized payment effect.
BDT075;S350;A validly signed update is malicious and controls health reporting, history deletion and internal verification.;"Update installs -> fabricated health and perfect reports preserve trust -> BD35 if the installed code keeps its own authority. Unique erased history may be unrecoverable and disclosed content would yield BD06. Under no independent observation at all, BD34 limits what can be known; signatures establish provenance, not benevolence.";BD35 BD06 BD34;Scope of malicious authority, independently retained history and update trust outside the compromised process are unspecified.;Qualitative conditional analysis of scenarios.csv S350. No implementation or production evidence asserted.;An independently trusted observer or execution boundary detects the altered behavior and can exclude the update without using its reports.
