id;name;home;responsibility;owned_state;interface;does_not;degraded;validation
M01;Faktenkern und reine Wiedergabe;Daemon;Atomare dauerhafte Fakten und nachvollziehbare historische Rekonstruktion;Ereignisse Kommandoergebnisse Cursor Projektionsstände und Inhaltsreferenzen;Append mit erwarteten Revisionen sowie begrenzte Query Replay und Cursorabfrage;Keine Pluginaufrufe im Replay und kein Schluss von altem Stand auf aktuelle Außenwelt;Lesbarer geprüfter Präfix oder präziser Lesefehler ohne erfundene erfolgreiche Mutation;Commitlücke beschädigte Version und reine Wiedergabe getrennt testen
M02;Identität und Befugnisse;Daemon mit vertrauenswürdigen Authentisierungsgrenzen;Aufrufer Scope tatsächlichen Freigabegegenstand und aktuelle Entscheidungsbefugnis binden;Identitäten historische Registrybezüge lokale Grantfakten Freigabegegenstände sowie explizite Referenzen auf maßgebliche unabhängige Autoritätsquellen;Prüfung eines vertrauenswürdigen Aufrufkontexts und einer konkreten geplanten Handlung;Erfindet weder rechtliche Zuständigkeit noch Teilnehmerausschluss durch lokale IDs;Unklare Befugnis erklärt halten statt durch Namensgleichheit freigeben;Fremde Session-ID alte Tokens Restore und widersprüchliche Autorität kreuzen
M03;Arbeit Kapazität und Kosten;Daemon;Endliche Arbeitsbestände Zuteilungsregeln und begrenzte Verpflichtungen koordinieren;Tasklebenslauf Wurzeln Abstammung Checkpoints Reservierungen und bekannte Kostenobligos;Aufnahme Reservierung Freigabe von Ressourcen und begrenzte Bestandsabfrage;Beendet keine externen Effekte und behauptet keine Preisgrenze bei unbekannter Abrechnung;Originalarbeit erhalten Neuaufnahme halten und Kontrollreserve schützen;Alle Erzeuger gleiche Identität und gemeinsame Grenzen unter unveränderter Grundlast prüfen
M04;Zeit und Terminabsicht;Reine Daemon-Domäne mit expliziter Zeitbeobachtung;Technische Dauer zivile Termine Fristgültigkeit und Nachholung auseinanderhalten;Terminabsicht Regelrevision Occurrence-Zuordnung Ablauf und Zeitunsicherheit;Termin disponieren sowie unverjüngtes Restbudget oder unbestimmte Zeit zurückgeben;Erzeugt keine Erlaubnis durch neuen Timer und keine fremde kausale Reihenfolge aus Wandzeiten;Unbestimmte Termine halten und begrenzte alte Intervalle erklären;Fold Gap Suspend Epochensprung und wiederholtes Nachholen prüfen
M05;Ausführung Besitz und Kontrollzugang;Daemon-Supervisor plus beaufsichtigte Transport- und Runtime-Plugins;Begrenzte Prozesse IPC Frames Lebenszyklus Beobachtungen und Workspacebesitz koordinieren;Aktivierungszustände Restartbudgets gebundene Beobachtungen Belegungen und Kontrollstufen als Kernfakten;Start observe interrupt stop sowie begrenzte lokale API- und Datenkanäle;Ein Parentende oder eine Lease ist kein umfassender OS- oder Teilnehmerfence;Lokale Inspektion und Kontrolle ohne optionale Integrationen und ohne zweite Schreibinstanz;Hänger übergroße Frames Enkelprozesse und unterschiedliche Recovery-Einstiegspunkte prüfen
M06;Wirkungskoordination;Daemon mit operationenspezifischen Pluginverträgen;Absicht Versuch unbekannten Ausgang Abgleich und neue Kompensation nachvollziehbar koordinieren;Geplante Schritte Outbox Versuche Teilnehmerbelege Kompensationsstände und Abschlussgrenzen;Plan dispatch reconcile compensate und begründete Halteentscheidung;Kein generischer Rollback und keine Genau-einmal-Wirkung aus lokalem Journal;Ungeklärte Wirkung halten und Belege weiter auswerten;Antwortverlust späte Annahme Snapshotlücke und veraltete Inverse kreuzen
M07;Inhalte Kontext und sichere Dateizugriffe;Daemon-Inhaltsdienst und reine Dateizugriffsgrundlagen;Unveränderte konkrete Inhalte Herkunft und tatsächlich verbrauchte Eingaben erhalten;Objektidentitäten Inhaltsmanifest Formate Kontextrevisionen und erlaubte Herkunftskanten;Begrenztes get object capture context und kontrolliertes Schreiben unter .factory;Inhaltsidentität beweist weder Wahrheit noch Erlaubnis oder Vollständigkeit verlorener Daten;Erhaltene Originale oder konkret benannte Fehlstellen statt erfundener Dateien;Symlinkwechsel Namenskollision Pfadersetzung und nicht erfasste Trunkierung prüfen
M08;Fachliche Abnahme und Nachweise;Daemon speichert Belege Fachprüfer sind begrenzte Plugins oder legitime Menschen;Behauptung vorhandene Bytes fachliche Annahme und Tragweite von Prüfungen trennen;Prüfverträge Abnahmebelege Gegenbefunde Ausschlüsse und Kalibrierungsgrenzen;Prüfung anfordern sowie begrenzte Behauptung mit Beleg oder offenem Widerspruch zurückgeben;Kein universelles Wahrheitsorakel und keine Resilienzfreigabe aus Matrixvollständigkeit;Teilbefunde bleiben nutzbar Pflichtveto und unbekannte Vergleichbarkeit bleiben sichtbar;Geteilte Fehlerquelle falsches Artefakt fehlender Prüfer und geänderten Nenner prüfen
M09;Wiederherstellung und Weitergabe;Explizite Daemon-Operationen plus legitimierter Betriebsablauf;Benannte Inhalte unter vorhandenen technischen rechtlichen und zeitlichen Voraussetzungen nutzbar übergeben;Restoreinventar geprüfte Sicherungsstände Decoder Bausatzverweise Stagingplan und Abnahmeumfang;Inspect restore plan restore reconcile export und begrenzte Übergabeabnahme;Manifest ersetzt keine Schlüssel oder Werkzeuge und Export beendet keine Teilnehmerverpflichtung;Lesbares Material verwahren oder Wiederanlauf ehrlich an fehlender Voraussetzung halten;Letzte Kopie Schlüsselzugang Formate Spitzenplatz und Zeit separat entziehen
M10;Versions- und Integrationsverträge;Daemon-Verifikation plus versionierte Pluginmanifeste;Geprüfte tatsächliche Inhalte Feldbedeutung Scopeaktivierung und Abhängigkeitsgrenzen sichern;Vertragsversionen geprüfte Executableidentitäten Aktivierungspläne und Bereitschaftskanten;Validate manifest executable operation compatibility und activation plan;Ein gültiger Ursprung ist kein Harmlosigkeitsnachweis und optional kein globaler Startzwang;Unpassende Erweiterung ablehnen unabhängigen Kernzugang nicht mit ablehnen;Binarytausch unbekannte Felder gemeinsame Parserfehler und Startzyklen prüfen
M11;Diagnose und Messung;Daemon-Projektionen plus begrenzte Export- und Darstellungsplugins;Konkrete Dienstpfade Rohmessungen Aufnahmegrundmenge und Beobachtungslücken zeigen;Ableitbare Gesundheitsbefunde endliche Metrik- und Tracepuffer sowie Verlustzähler;Bounded health query metrics export und inerte Diagnoseansicht;Eine grüne Teilprobe beweist nicht alle Geschäftswege und Export blockiert keinen Kerncommit;Kleine Diagnose mit expliziten Lücken statt unbegrenztem Rohkontext;Labelsturm blockierten Collector offene Hänger und Terminalsteuerzeichen prüfen
M12;Unabhängige Beobachtung;Explizit aktivierter lokaler Anschluss plus unabhängig betriebener externer Zeuge;Frische und begrenzte unabhängige Beobachtung außerhalb benannter Ausfalldomänen erhalten;Beim Zeugen eigene Beobachtungsnachweise Frischeepochen und verwahrte Referenzen;Minimale befristete Telemetrie sowie authentische begrenzte Beobachtungs- und Zustellbelege;Kein Schreib Reparatur Failover oder Geschäftsrecht durch Beobachterrolle;Fehlende Beobachtung ehrlich zeigen sofern ein unabhängiger Weg noch besteht;Hostverlust Monitorverlust alte Pulse gemeinsamer Updater und verlorene Empfänger getrennt prüfen
M13;Vorfälle und menschliche Übergabe;Vorhandene Tasks Belege Clients und ausdrücklich verantwortete auch außerhalb eines kompromittierten Kerns legitimierte Betriebsrollen;Offenen Vorfall Empfang Reparaturzuständigkeit Ausnahmeende und bestätigte Behebung trennen;Taskgebundene Fallakten Meldungsversuche Zuständigkeit Quittung und Prüfabschluss;Task-API für Fallübergabe plus begrenzte Benachrichtigungsplugins ohne neuen Message-Store;Quittung ist keine Freigabe Reparatur oder Legitimation eines Nachfolgers;Offene Fälle und fehlende erreichbare Zuständigkeit bleiben sichtbar innerhalb erklärter Kapazität;Alarmflut Darstellung fehlende Vertretung und unbegrenzten Aufschub unterscheiden
M14;Geheimniszugang und Einsatzisolation;Kerngebundene Capability-Prüfung Secret-Plugins und explizite OS-/Betriebsgrenzen;Tatsächlichen Zugriff auf Schlüssel Daten Prozesse und Seitenkanäle begrenzen;Im Kern nur Geheimnisreferenzen und Grantbindungen Schutzmaterial beim zuständigen Verwahrer;Zweck Scope und Ziel gebundene Nutzung sowie vorab legitimer Wiederzugang;Kein Schutz gegen gemeinsamen beliebig mächtigen OS-Benutzer durch Scope-Namen;Nicht betroffene getrennte Bereiche nutzbar fehlenden Zugang nicht als gelöschte Bytes behandeln;Direkten Dateizugriff Credentialverwechslung verlorenes Konto und definierten Timingangreifer prüfen
M15;Aufbewahrung und Datenverfügung;Kern setzt anerkannte Vorgaben um zuständige Menschen klären Recht;Zulässige Nutzung Aufbewahrung Export und Löschung je konkretem Gegenstand abgrenzen;Erlaubte Verfügungsreferenzen Zwecke Holds Fristen und Nachweisgrenzen;Prüfung einer konkreten Datenverfügung mit explizit offenem Rechtskonflikt;Keine automatische Rechtsentscheidung universelle Fernlöschung oder heimliche Backupbereinigung;Nur zulässige Teilnutzung oder begründeter Halt sofern selbst der Nachweis erlaubt ist;Hold-Race geografische Pflicht Inhaltslöschung und verbotenen Nachweis gegentesten
M16;Fach- und Wirkungsadapter;Beaufsichtigte Adapterplugins plus tatsächliche externe Teilnehmer oder qualifizierte lokale Controller;Fachspezifische Bedeutung und Annahmegrenzen am tatsächlichen Wirkungspunkt durchsetzen;Autoritative Teilnehmerannahmen Dedupbelege Schreibgenerationen fachliche Zusagen und explizit extern verwaltete Widerrufsstände außerhalb des Kernstores;Versioniertes invoke reconcile conditional accept reject retired generation und spezialisierte Fachprüfung;Gleiche API oder Mockquittung beweist keine Teilnehmergarantie Factory ist kein Echtzeit-Sicherheitscontroller;Neue Wirkung ablehnen oder klar begrenzten Ersatzpfad nutzen wenn der Teilnehmervertrag trägt;Alte gepufferte Aktionen echten Ausschluss Retention und sichere Aktuatorgrenzen gesondert prüfen
