id;severity;references;finding;required_action
A7S01;hoch;S156.B01 | GVR036 | M07/M02/M15 | reviews/governance/a7/cases.json und residues.csv;"Der Zweig setzt nur ein falsches lokales Company-root-Paket und dessen Abweisung voraus. GVR036 ist dagegen ein bereits erzeugtes und geprüftes Projektpaket OHNE ausgeschlossene Company-Bereiche. Der Zweig wartet laut persistence erst auf dieses richtige Paket, weist ihm aber schon bedingt eine Restfähigkeit zu. Hier wird das gewünschte Reparaturprodukt als vorhandener Gegenstand gezählt.";"Im gehaltenen Zweig nur tatsächlich erhaltene Fehlpaket-/Prüfevidenz oder eine konkret gespeicherte gesperrte Publikationsabsicht zuordnen, sofern diese vorhanden und zulässig sind. GVR036 nur in einem getrennten Zweig mit bereits vorhandenem geprüften richtigen Paket verwenden. M07 besitzt dessen Bytes, M02 die getrennte Sendefreigabe, M15 den erlaubten Umfang. Gegenprüfung: falsches Rootpaket vorhanden, korrektes Paket noch nie erzeugt."
A7S02;mittel;S074.B02 S074.B03 | OPR002 | M06/M03/M01 | reviews/operations/a7/cases.json und residues.csv;"S074.B02 hat ausdrücklich noch keinen Versuch und unverbrauchtes Originalbudget. OPR002 bezeichnet aber eine dauerhafte Versuch-ID mit verbrauchter Autorisierung und erlaubt die Untersuchung des früheren Versuchs. S074.B03 erlaubt erneut einen Versuch, während der Katalogtest unverändertes verbrauchtes Budget voraussetzt. Der Datensatz ist nicht für alle diese Phasen derselbe erfüllte Schutzvertrag.";"Unverbrauchte Zustellautorisierung, tatsächlich gespeicherten Versuch und spätere neue Autorisierungsrevision getrennt benennen. Bei B02 keinen früheren Versuch als Residue referenzieren. Bei B03 historische Versuchsevidenz und neue Budgetrevision explizit unterscheiden. Eine gemeinsame Implementierung ist möglich, eine stillschweigende Gleichsetzung nicht."
A7S03;mittel;S054.B01 S054.B02 | OPR014 OBR029 | M05/M01/M12 | reviews/operations/a7/residues.csv und docs/residuality/a7/module-bindings.csv;"Die WebSocket-Zweige begründen einen Clientcursor und einen erhaltenen Ereignissuffix. OPR014 verlangt hingegen eine echte Runtime-Sessiongeneration, Beobachtungssequenz und Prüfung vor Lifecycle-Mutation. Ein Subscriber-Fortsetzungsstand liefert diese Runtimebindung nicht. Mit der Wiederverwendung wird ein anderer Gegenstand unter demselben Vertrag gezählt.";"Subscriber-Cursor samt Retentionslücke und Quelle getrennt von Runtimebeobachtung führen. M01 verantwortet den erhaltenen Ereignisbereich, M05 begrenzten Transport, Runtimebeobachtung ihre eigene Sessionbindung. OBR029 ist ein Vergleichsvertrag, kein Auftrag zum automatischen Merge. Gegenprüfung: gültiger Clientcursor ohne irgendeine Runtimeobservation."
A7S04;mittel;S130.B02 S196.B02 S235.B02 S245.B02 | GVR001 OBR001 | M03/M05 | cases.json der Governance- und Observability-Abgaben;"S130.B02 und S196.B02 verlangen fortgesetzte Reproduktion oberhalb des Abbaus ohne Gesamtlimit, aber keinen begrenzten wiederkehrenden Zustand. Das trägt Wachstum bis zur Ressourcengrenze, nicht bereits die dort gewählte Attraktorhypothese. Umgekehrt begründen S235.B02 und S245.B02 nur zwei überlappende Writer, nicht die gewählte Eskalation.";"Wachstumszweige als Eskalation oder offene Dynamik führen, oder einen gesonderten Zweig mit begründeter Sättigung, Rückkehrmechanismus und Einzugsbedingungen ergänzen. Zwei-Writer-Zweige zunächst als Konflikt unter fortbestehender Doppelautorität führen, sofern kein Wachstumsmechanismus hinzukommt. Grundlast und Policy beim Gegenversuch konstant halten."
A7S05;mittel;S350.B01 S350.B04 | BDR037 | M12/M14/M02/M05/M16 | modules.csv module-bindings.csv module-dependencies.csv;"BDR037 enthält außer unabhängiger Vergleichsevidenz einen handlungsfähigen getrennten Akteur und tatsächlichen Entzug von Schreib- und Prüfmacht. Seine Bindung an M12 mit M10 M14 M15 begründet nur unabhängige Evidenz. M12 darf ausdrücklich nicht schreiben oder reparieren. Welche getrennte Autorität den Ausschluss unter kompromittiertem Kernel vollzieht, wird in dieser Bindung nicht festgelegt. Der richtige Verbotsgrundsatz im Fließtext schließt diese Vertragslücke nicht.";"BDR037 ohne ID-Merge in Vergleich, legitime Eingriffsentscheidung und wirksamen Entzug aufgliedern und jeden Teil zuordnen. Externen Akteur und tatsächlichen OS-/Teilnehmerzugriff außerhalb der Updategewalt benennen, einschließlich Verhalten bei fehlendem Zugang. Dem M12-Zeugen dafür kein Shell- oder Reparaturrecht geben. Negative Prüfung: Zeuge erkennt Fälschung, besitzt aber selbst keinerlei Entzugsrecht."
A7S06;mittel;S176.B01 S321.B01 S322.B02 | GVR035 BDR026 BDR027 | M16/M14/M02/M06 | module-bindings.csv module-dependencies.csv zielarchitektur.md §8;"Die unabhängigen lokalen Sicherheitscontroller erhalten dieselbe Standardmitwirkung M02 M06 M10 M14 wie gewöhnliche externe Geschäftsadapter. Die command-Kante M16 zu M14 und weiter zu M02 unterscheidet den Factory-Aufruf nicht vom autonomen lokalen Interlock-/Notstopppfad. Wäre sie für jeden Sicherheitsschritt zwingend, fiele der angeblich unabhängige Pfad mit dem Kernel oder dessen Zugang aus. Wäre sie nur für vorgelagerte Factory-Aufträge gemeint, fehlt genau diese Einschränkung in der Tabelle.";"Pro Operation und Betriebsmodus ausweisen, welche Unterstützung zwingend, nur vorgelagert oder für spätere Belegübernahme nötig ist. Lokale Sicherheitsentscheidung, Energie, Sensoren und Aktuatorgewalt dürfen keine laufende M01/M02/M06/M14-Instanz voraussetzen. Factory-Aufträge bleiben separat freigabepflichtig. Gegenprüfung ohne Factory und Cloud, nur im gesondert genehmigten sicheren Rahmen. Kein neuer Sicherheitskernel in Factory."
A7S07;mittel;S127.B01 S191.B01 | GVR011 BDR010 GVR038 | M02/M01/M09/M14/M16 | modules.csv module-bindings.csv module-dependencies.csv;"GVR011 braucht einen aktuellen Widerrufsstand außerhalb des zurückgesetzten Snapshots. Die Zuordnung nennt M02 mit M01 und M14, während M02 die Grants und Widerrufe als Kernstand besitzt. Der Entwurf fordert frischen Abgleich, legt für diesen Kandidaten aber keine konkrete unabhängige dauerhafte Autoritätsquelle samt Besitzer und Zugriffspfad fest. M16-Schreibgeneration oder ein erhaltener Teilnehmerreceipt ersetzen nicht automatisch den aktuellen personenbezogenen Widerruf.";"Für die beanspruchte Restorefähigkeit den maßgeblichen extern erhaltenen Widerrufs-/Autoritätsstand, dessen Verwaltung und den Annahmeprüfpfad ausdrücklich zuordnen. Alten M01-Präfix nur historisch lesen. Fehlt eine frische legitime Quelle, engeren gehaltenen Auftrag ausweisen statt erhaltenen aktuellen Widerrufsstand zu behaupten. Alter Snapshot plus späterer Widerruf plus Ausfall der Gegenquelle ist eigener negativer Vertragstest."
A7S08;mittel;S156.B01 S156.B02 | GVR036 | build.py load_analysis/render | discovery-freeze.json | generated/coverage.csv;"Branch-IDs entstehen ausschließlich aus der Listenposition. Umordnen der beiden S156-Zweige macht aus S156.B01 den Offenlegungsverlust statt des gehaltenen Rootexports. load_analysis/render akzeptieren diese Änderung und prüfen den A7-discovery-freeze nicht. Damit können spätere Gegenreviewreferenzen bei Neugenerierung unbemerkt einen anderen Gegenstand bezeichnen. Aktuell stimmen alle zwölf eingefrorenen Originale, es liegt keine festgestellte Veränderung vor.";"Eingefrorene Abgaben unangetastet lassen und Korrekturen über einen nach Ursprungshash plus Branch-ID gebundenen Nachtrag führen. Für spätere Generation entweder diesen Freeze erzwingen oder stabile ausdrückliche Branch-Identitäten mit nachvollziehbarer Revision verwenden. Negativtest für Umordnung und für geänderten eingefrorenen Inhalt ergänzen, nicht bloß Hashwerte neu ausgeben."
A7S09;niedrig;build.py --check/render | test_model.py test_boot_dependencies_have_no_cycle | module-dependencies.csv | M01/M07;"build.py --check prüft seine generierten Dateien, lädt die Abhängigkeitstabelle aber nicht. Ein zusätzlicher M07-zu-M01-Bootstrapzyklus verändert render nicht. Der separate vorhandene Abhängigkeitstest erkennt diesen Fehler korrekt. Die Prüfwege decken somit unterschiedliche Teile des Architekturstands ab, obwohl der Compiler nur A7 artifacts checked meldet.";"Einen dokumentierten vollständigen Read-only-Prüfaufruf mit Build-, Binding-, Dependency- und A7-Freezeprüfung anbieten oder die begrenzte Meldung des Buildchecks präzisieren. Abhängigkeitstabelle und entscheidende Architekturinputs in den Prüfstand aufnehmen. Den vorhandenen negativen Zyklustest beibehalten und nicht als Semantiknachweis bezeichnen."
