id;disposition;reason;remaining_boundary
A7S01;behoben;S156.B01 now requires a genuinely retained blocked publication request and rejection reason and assigns GVR005 rather than the nonexistent GVR036. New S156.B03 alone assigns GVR036 to an already produced and checked package. M07 owns bytes while M15 limits scope and M02 separately authorizes sending.;No retained request or complete send gate means no GVR005. Correct bytes do not authorize publication or undo the unchanged disclosure-loss branch S156.B02.
A7S02;behoben;S074.B02 uses KOR001 plus OPR001 without inventing an earlier attempt. S074.B03 explicitly separates retained OPR002 attempt evidence and consumed old authorization from the additional valid KOR001 revision. The new catalogue and M06 binding preserve that distinction.;Actual atomic budget accounting across all delivery paths remains untested. A new authorization proves neither earlier reception nor workspace release nor business approval.
A7S03;behoben;S054.B01/B02 now use OBR029 for the subscriber cursor and retained event range rather than OPR014 runtime-session evidence. The OBR029 binding puts the range in M01 and transport limits in M05 without merging candidate identities.;Authorization and global subscriber limits remain prerequisites. A cursor preceding retention gives a gap and no runtime observation or lossless history is implied.
A7S04;behoben;S130.B02 and S196.B02 are escalation rather than attractor hypotheses. S235.B02 and S245.B02 are conflict rather than escalation. Their retained dynamics support these narrower types without requiring invented saturation or growth.;These are conditional classifications and not observed attractors. Growth depends on reproduction exceeding service and writer conflict requires actual overlapping authority.
A7S05;behoben;BDR037 is assigned to the legitimate external recovery role M13 with separate M12 comparison and M14/M16 effective authority-removal facets. O04–O07 require no running Factory. S350.B05 keeps only OBR038 when intervention authority or access is missing and gives the witness no shell or repair right.;Real independent administrators and effective OS/participant revocation must still be established. Common compromised authority or bypasses defeat exclusion. Local revocation does not undo historical or already accepted remote effects.
A7S06;behoben;GVR035 BDR026 and BDR027 now have no supporting Factory runtime. O01–O03 separate prior Factory requests from autonomous local safety and later evidence import. The M16-to-M14 command edge explicitly excludes autonomous safety.;An independently qualified controller still needs appropriate local power sensors authority and actuators. No physical safety test was run and Factory-mediated requests remain approval-gated.
A7S07;behoben;GVR011 now requires an independently administered AuthoritySource outside the restore boundary with an independent trust anchor and narrow read entitlement. M16 obtains fresh principal/scope/grant evidence and M02 checks the action. S127.B01 requires the source while negative S127.B03 keeps only GVR001/GVR005. S191.B01 retains separate current-authority and operation-receipt contracts.;The source is a conditional external register not an installed service or a second taskstore. Operator/access/trust ratification and real participant checks remain necessary. Missing or stale evidence permits only a justified hold and not an invented current revocation record.
A7S08;behoben;load_analysis verifies the frozen originals before parsing. Adjustments bind the freeze hash and original fields at branch IDs and append only after the original count. Executed negative tests reject changed frozen bytes and reversed S156 branches. Targeted generated-field comparison preserves existing branch meanings.;IDs remain positional within this pinned revision rather than globally immutable across arbitrary future revisions. The freeze is not protection against coordinated replacement of code and trust anchors. In-memory guards check the targeted expected fields.
A7S09;behoben;build.render now validates module dependencies and rejects a synthetic M07-to-M01 bootstrap back edge. Architecture and correction inputs enter source hashes. verify.py successfully combines freeze inventory bindings generation and 29 document tests with an explicitly limited success message.;Bootstrap acyclicity and reproducible documents do not prove runtime dependency freedom semantic completeness isolation or real safety. The missing-source and powerless-witness branches are specifications rather than executed external experiments.
