stressor,case,regime,regime_kind,candidate,candidate_status,evidence_limit
S060,D01,G01,model-attractor,N01,model-motivated-proposal,conditional-mechanism-link-not-full-scenario-simulation
S196,D01,G01,model-attractor,N01,model-motivated-proposal,conditional-mechanism-link-not-full-scenario-simulation
S237,D01,G01,model-attractor,N01,model-motivated-proposal,conditional-mechanism-link-not-full-scenario-simulation
S228,D01,G01,model-attractor,N01,model-motivated-proposal,conditional-mechanism-link-not-full-scenario-simulation
S196,D02,G01,model-attractor,N01,model-motivated-proposal,conditional-mechanism-link-not-full-scenario-simulation
S237,D02,G01,model-attractor,N01,model-motivated-proposal,conditional-mechanism-link-not-full-scenario-simulation
S245,D02,G01,model-attractor,N01,model-motivated-proposal,conditional-mechanism-link-not-full-scenario-simulation
S060,D03,G01,model-attractor,N01,model-motivated-proposal,conditional-mechanism-link-not-full-scenario-simulation
S237,D03,G01,model-attractor,N01,model-motivated-proposal,conditional-mechanism-link-not-full-scenario-simulation
S253,D03,G01,model-attractor,N01,model-motivated-proposal,conditional-mechanism-link-not-full-scenario-simulation
S060,D04,G01,model-attractor,N01,model-motivated-proposal,conditional-mechanism-link-not-full-scenario-simulation
S237,D04,G01,model-attractor,N01,model-motivated-proposal,conditional-mechanism-link-not-full-scenario-simulation
S253,D04,G01,model-attractor,N01,model-motivated-proposal,conditional-mechanism-link-not-full-scenario-simulation
S060,D26,G01,model-attractor,N01,model-motivated-proposal,conditional-mechanism-link-not-full-scenario-simulation
S237,D26,G01,model-attractor,N01,model-motivated-proposal,conditional-mechanism-link-not-full-scenario-simulation
S253,D26,G01,model-attractor,N01,model-motivated-proposal,conditional-mechanism-link-not-full-scenario-simulation
S143,D05,G02,model-attractor,N01,model-motivated-proposal,conditional-mechanism-link-not-full-scenario-simulation
S244,D05,G02,model-attractor,N01,model-motivated-proposal,conditional-mechanism-link-not-full-scenario-simulation
S254,D05,G02,model-attractor,N01,model-motivated-proposal,conditional-mechanism-link-not-full-scenario-simulation
S060,D01,G03,escape-not-attractor,N02,model-motivated-proposal,conditional-mechanism-link-not-full-scenario-simulation
S196,D01,G03,escape-not-attractor,N02,model-motivated-proposal,conditional-mechanism-link-not-full-scenario-simulation
S237,D01,G03,escape-not-attractor,N02,model-motivated-proposal,conditional-mechanism-link-not-full-scenario-simulation
S228,D01,G03,escape-not-attractor,N02,model-motivated-proposal,conditional-mechanism-link-not-full-scenario-simulation
S060,D03,G03,escape-not-attractor,N02,model-motivated-proposal,conditional-mechanism-link-not-full-scenario-simulation
S237,D03,G03,escape-not-attractor,N02,model-motivated-proposal,conditional-mechanism-link-not-full-scenario-simulation
S253,D03,G03,escape-not-attractor,N02,model-motivated-proposal,conditional-mechanism-link-not-full-scenario-simulation
S060,D04,G04,fixed-without-local-attraction,N02,model-motivated-proposal,conditional-mechanism-link-not-full-scenario-simulation
S237,D04,G04,fixed-without-local-attraction,N02,model-motivated-proposal,conditional-mechanism-link-not-full-scenario-simulation
S253,D04,G04,fixed-without-local-attraction,N02,model-motivated-proposal,conditional-mechanism-link-not-full-scenario-simulation
S060,D01,G01,model-attractor,N02,model-motivated-proposal,conditional-mechanism-link-not-full-scenario-simulation
S196,D01,G01,model-attractor,N02,model-motivated-proposal,conditional-mechanism-link-not-full-scenario-simulation
S237,D01,G01,model-attractor,N02,model-motivated-proposal,conditional-mechanism-link-not-full-scenario-simulation
S228,D01,G01,model-attractor,N02,model-motivated-proposal,conditional-mechanism-link-not-full-scenario-simulation
S196,D02,G01,model-attractor,N02,model-motivated-proposal,conditional-mechanism-link-not-full-scenario-simulation
S237,D02,G01,model-attractor,N02,model-motivated-proposal,conditional-mechanism-link-not-full-scenario-simulation
S245,D02,G01,model-attractor,N02,model-motivated-proposal,conditional-mechanism-link-not-full-scenario-simulation
S060,D03,G01,model-attractor,N02,model-motivated-proposal,conditional-mechanism-link-not-full-scenario-simulation
S237,D03,G01,model-attractor,N02,model-motivated-proposal,conditional-mechanism-link-not-full-scenario-simulation
S253,D03,G01,model-attractor,N02,model-motivated-proposal,conditional-mechanism-link-not-full-scenario-simulation
S060,D04,G01,model-attractor,N02,model-motivated-proposal,conditional-mechanism-link-not-full-scenario-simulation
S237,D04,G01,model-attractor,N02,model-motivated-proposal,conditional-mechanism-link-not-full-scenario-simulation
S253,D04,G01,model-attractor,N02,model-motivated-proposal,conditional-mechanism-link-not-full-scenario-simulation
S060,D26,G01,model-attractor,N02,model-motivated-proposal,conditional-mechanism-link-not-full-scenario-simulation
S237,D26,G01,model-attractor,N02,model-motivated-proposal,conditional-mechanism-link-not-full-scenario-simulation
S253,D26,G01,model-attractor,N02,model-motivated-proposal,conditional-mechanism-link-not-full-scenario-simulation
S060,D01,G03,escape-not-attractor,N03,model-motivated-proposal,conditional-mechanism-link-not-full-scenario-simulation
S196,D01,G03,escape-not-attractor,N03,model-motivated-proposal,conditional-mechanism-link-not-full-scenario-simulation
S237,D01,G03,escape-not-attractor,N03,model-motivated-proposal,conditional-mechanism-link-not-full-scenario-simulation
S228,D01,G03,escape-not-attractor,N03,model-motivated-proposal,conditional-mechanism-link-not-full-scenario-simulation
S060,D03,G03,escape-not-attractor,N03,model-motivated-proposal,conditional-mechanism-link-not-full-scenario-simulation
S237,D03,G03,escape-not-attractor,N03,model-motivated-proposal,conditional-mechanism-link-not-full-scenario-simulation
S253,D03,G03,escape-not-attractor,N03,model-motivated-proposal,conditional-mechanism-link-not-full-scenario-simulation
S051,D22,G19,information-starved-hold,N03,model-motivated-proposal,conditional-mechanism-link-not-full-scenario-simulation
S081,D22,G19,information-starved-hold,N03,model-motivated-proposal,conditional-mechanism-link-not-full-scenario-simulation
S090,D22,G19,information-starved-hold,N03,model-motivated-proposal,conditional-mechanism-link-not-full-scenario-simulation
S231,D22,G19,information-starved-hold,N03,model-motivated-proposal,conditional-mechanism-link-not-full-scenario-simulation
S003,D06,G05,model-attractor,N04,model-motivated-proposal,conditional-mechanism-link-not-full-scenario-simulation
S044,D06,G05,model-attractor,N04,model-motivated-proposal,conditional-mechanism-link-not-full-scenario-simulation
S240,D06,G05,model-attractor,N04,model-motivated-proposal,conditional-mechanism-link-not-full-scenario-simulation
S255,D06,G05,model-attractor,N04,model-motivated-proposal,conditional-mechanism-link-not-full-scenario-simulation
S003,D06,G06,model-attractor,N04,model-motivated-proposal,conditional-mechanism-link-not-full-scenario-simulation
S044,D06,G06,model-attractor,N04,model-motivated-proposal,conditional-mechanism-link-not-full-scenario-simulation
S240,D06,G06,model-attractor,N04,model-motivated-proposal,conditional-mechanism-link-not-full-scenario-simulation
S255,D06,G06,model-attractor,N04,model-motivated-proposal,conditional-mechanism-link-not-full-scenario-simulation
S003,D07,G06,model-attractor,N04,model-motivated-proposal,conditional-mechanism-link-not-full-scenario-simulation
S044,D07,G06,model-attractor,N04,model-motivated-proposal,conditional-mechanism-link-not-full-scenario-simulation
S240,D07,G06,model-attractor,N04,model-motivated-proposal,conditional-mechanism-link-not-full-scenario-simulation
S255,D07,G06,model-attractor,N04,model-motivated-proposal,conditional-mechanism-link-not-full-scenario-simulation
S044,D08,G07,model-attractor,N05,model-motivated-proposal,conditional-mechanism-link-not-full-scenario-simulation
S151,D08,G07,model-attractor,N05,model-motivated-proposal,conditional-mechanism-link-not-full-scenario-simulation
S294,D08,G07,model-attractor,N05,model-motivated-proposal,conditional-mechanism-link-not-full-scenario-simulation
S044,D09,G08,policy-hold,N05,model-motivated-proposal,conditional-mechanism-link-not-full-scenario-simulation
S151,D09,G08,policy-hold,N05,model-motivated-proposal,conditional-mechanism-link-not-full-scenario-simulation
S294,D09,G08,policy-hold,N05,model-motivated-proposal,conditional-mechanism-link-not-full-scenario-simulation
S091,D13,G12,externally-maintained-hold,N06,model-motivated-proposal,conditional-mechanism-link-not-full-scenario-simulation
S161,D13,G12,externally-maintained-hold,N06,model-motivated-proposal,conditional-mechanism-link-not-full-scenario-simulation
S206,D13,G12,externally-maintained-hold,N06,model-motivated-proposal,conditional-mechanism-link-not-full-scenario-simulation
S306,D13,G12,externally-maintained-hold,N06,model-motivated-proposal,conditional-mechanism-link-not-full-scenario-simulation
S092,D10,G09,model-attractor,N07,model-motivated-proposal,conditional-mechanism-link-not-full-scenario-simulation
S209,D10,G09,model-attractor,N07,model-motivated-proposal,conditional-mechanism-link-not-full-scenario-simulation
S307,D10,G09,model-attractor,N07,model-motivated-proposal,conditional-mechanism-link-not-full-scenario-simulation
S317,D10,G09,model-attractor,N07,model-motivated-proposal,conditional-mechanism-link-not-full-scenario-simulation
S209,D11,G10,model-attractor,N07,model-motivated-proposal,conditional-mechanism-link-not-full-scenario-simulation
S307,D11,G10,model-attractor,N07,model-motivated-proposal,conditional-mechanism-link-not-full-scenario-simulation
S317,D11,G10,model-attractor,N07,model-motivated-proposal,conditional-mechanism-link-not-full-scenario-simulation
S092,D12,G11,model-attractor,N07,model-motivated-proposal,conditional-mechanism-link-not-full-scenario-simulation
S307,D12,G11,model-attractor,N07,model-motivated-proposal,conditional-mechanism-link-not-full-scenario-simulation
S317,D12,G11,model-attractor,N07,model-motivated-proposal,conditional-mechanism-link-not-full-scenario-simulation
S092,D10,G09,model-attractor,N08,model-motivated-proposal,conditional-mechanism-link-not-full-scenario-simulation
S209,D10,G09,model-attractor,N08,model-motivated-proposal,conditional-mechanism-link-not-full-scenario-simulation
S307,D10,G09,model-attractor,N08,model-motivated-proposal,conditional-mechanism-link-not-full-scenario-simulation
S317,D10,G09,model-attractor,N08,model-motivated-proposal,conditional-mechanism-link-not-full-scenario-simulation
S209,D11,G10,model-attractor,N08,model-motivated-proposal,conditional-mechanism-link-not-full-scenario-simulation
S307,D11,G10,model-attractor,N08,model-motivated-proposal,conditional-mechanism-link-not-full-scenario-simulation
S317,D11,G10,model-attractor,N08,model-motivated-proposal,conditional-mechanism-link-not-full-scenario-simulation
S092,D12,G11,model-attractor,N08,model-motivated-proposal,conditional-mechanism-link-not-full-scenario-simulation
S307,D12,G11,model-attractor,N08,model-motivated-proposal,conditional-mechanism-link-not-full-scenario-simulation
S317,D12,G11,model-attractor,N08,model-motivated-proposal,conditional-mechanism-link-not-full-scenario-simulation
S104,D14,G13,model-attractor,N09,model-motivated-proposal,conditional-mechanism-link-not-full-scenario-simulation
S184,D14,G13,model-attractor,N09,model-motivated-proposal,conditional-mechanism-link-not-full-scenario-simulation
S200,D14,G13,model-attractor,N09,model-motivated-proposal,conditional-mechanism-link-not-full-scenario-simulation
S331,D14,G13,model-attractor,N09,model-motivated-proposal,conditional-mechanism-link-not-full-scenario-simulation
S335,D14,G13,model-attractor,N09,model-motivated-proposal,conditional-mechanism-link-not-full-scenario-simulation
S346,D14,G13,model-attractor,N09,model-motivated-proposal,conditional-mechanism-link-not-full-scenario-simulation
S104,D15,G14,policy-hold,N09,model-motivated-proposal,conditional-mechanism-link-not-full-scenario-simulation
S184,D15,G14,policy-hold,N09,model-motivated-proposal,conditional-mechanism-link-not-full-scenario-simulation
S227,D15,G14,policy-hold,N09,model-motivated-proposal,conditional-mechanism-link-not-full-scenario-simulation
S300,D15,G14,policy-hold,N09,model-motivated-proposal,conditional-mechanism-link-not-full-scenario-simulation
S331,D15,G14,policy-hold,N09,model-motivated-proposal,conditional-mechanism-link-not-full-scenario-simulation
S104,D14,G13,model-attractor,N10,unproven-prerequisite,conditional-mechanism-link-not-full-scenario-simulation
S184,D14,G13,model-attractor,N10,unproven-prerequisite,conditional-mechanism-link-not-full-scenario-simulation
S200,D14,G13,model-attractor,N10,unproven-prerequisite,conditional-mechanism-link-not-full-scenario-simulation
S331,D14,G13,model-attractor,N10,unproven-prerequisite,conditional-mechanism-link-not-full-scenario-simulation
S335,D14,G13,model-attractor,N10,unproven-prerequisite,conditional-mechanism-link-not-full-scenario-simulation
S346,D14,G13,model-attractor,N10,unproven-prerequisite,conditional-mechanism-link-not-full-scenario-simulation
S104,D16,G15,model-attractor,N10,unproven-prerequisite,conditional-mechanism-link-not-full-scenario-simulation
S227,D16,G15,model-attractor,N10,unproven-prerequisite,conditional-mechanism-link-not-full-scenario-simulation
S300,D16,G15,model-attractor,N10,unproven-prerequisite,conditional-mechanism-link-not-full-scenario-simulation
S065,D17,G16,externally-driven-cycle,N11,model-motivated-proposal,conditional-mechanism-link-not-full-scenario-simulation
S153,D17,G16,externally-driven-cycle,N11,model-motivated-proposal,conditional-mechanism-link-not-full-scenario-simulation
S185,D17,G16,externally-driven-cycle,N11,model-motivated-proposal,conditional-mechanism-link-not-full-scenario-simulation
S198,D17,G16,externally-driven-cycle,N11,model-motivated-proposal,conditional-mechanism-link-not-full-scenario-simulation
S281,D17,G16,externally-driven-cycle,N11,model-motivated-proposal,conditional-mechanism-link-not-full-scenario-simulation
S283,D17,G16,externally-driven-cycle,N11,model-motivated-proposal,conditional-mechanism-link-not-full-scenario-simulation
S065,D18,G17,clock-cycle-only,N11,model-motivated-proposal,conditional-mechanism-link-not-full-scenario-simulation
S185,D18,G17,clock-cycle-only,N11,model-motivated-proposal,conditional-mechanism-link-not-full-scenario-simulation
S198,D18,G17,clock-cycle-only,N11,model-motivated-proposal,conditional-mechanism-link-not-full-scenario-simulation
S281,D18,G17,clock-cycle-only,N11,model-motivated-proposal,conditional-mechanism-link-not-full-scenario-simulation
S283,D18,G17,clock-cycle-only,N11,model-motivated-proposal,conditional-mechanism-link-not-full-scenario-simulation
S299,D18,G17,clock-cycle-only,N11,model-motivated-proposal,conditional-mechanism-link-not-full-scenario-simulation
S001,D19,G18,information-starved-hold,N12,model-motivated-proposal,conditional-mechanism-link-not-full-scenario-simulation
S051,D19,G18,information-starved-hold,N12,model-motivated-proposal,conditional-mechanism-link-not-full-scenario-simulation
S082,D19,G18,information-starved-hold,N12,model-motivated-proposal,conditional-mechanism-link-not-full-scenario-simulation
S234,D19,G18,information-starved-hold,N12,model-motivated-proposal,conditional-mechanism-link-not-full-scenario-simulation
S324,D19,G18,information-starved-hold,N12,model-motivated-proposal,conditional-mechanism-link-not-full-scenario-simulation
S051,D21,G21,ordinary-completion,N12,model-motivated-proposal,conditional-mechanism-link-not-full-scenario-simulation
S231,D21,G21,ordinary-completion,N12,model-motivated-proposal,conditional-mechanism-link-not-full-scenario-simulation
S234,D21,G21,ordinary-completion,N12,model-motivated-proposal,conditional-mechanism-link-not-full-scenario-simulation
S325,D21,G21,ordinary-completion,N12,model-motivated-proposal,conditional-mechanism-link-not-full-scenario-simulation
S051,D22,G19,information-starved-hold,N13,model-motivated-proposal,conditional-mechanism-link-not-full-scenario-simulation
S081,D22,G19,information-starved-hold,N13,model-motivated-proposal,conditional-mechanism-link-not-full-scenario-simulation
S090,D22,G19,information-starved-hold,N13,model-motivated-proposal,conditional-mechanism-link-not-full-scenario-simulation
S231,D22,G19,information-starved-hold,N13,model-motivated-proposal,conditional-mechanism-link-not-full-scenario-simulation
S051,D20,G20,absorbing-damage-fact,N13,model-motivated-proposal,conditional-mechanism-link-not-full-scenario-simulation
S081,D20,G20,absorbing-damage-fact,N13,model-motivated-proposal,conditional-mechanism-link-not-full-scenario-simulation
S082,D20,G20,absorbing-damage-fact,N13,model-motivated-proposal,conditional-mechanism-link-not-full-scenario-simulation
S226,D20,G20,absorbing-damage-fact,N13,model-motivated-proposal,conditional-mechanism-link-not-full-scenario-simulation
S324,D20,G20,absorbing-damage-fact,N13,model-motivated-proposal,conditional-mechanism-link-not-full-scenario-simulation
S090,D23,G20,absorbing-damage-fact,N13,model-motivated-proposal,conditional-mechanism-link-not-full-scenario-simulation
S231,D23,G20,absorbing-damage-fact,N13,model-motivated-proposal,conditional-mechanism-link-not-full-scenario-simulation
S251,D23,G20,absorbing-damage-fact,N13,model-motivated-proposal,conditional-mechanism-link-not-full-scenario-simulation
S347,D23,G20,absorbing-damage-fact,N13,model-motivated-proposal,conditional-mechanism-link-not-full-scenario-simulation
S015,D24,G20,absorbing-damage-fact,N13,model-motivated-proposal,conditional-mechanism-link-not-full-scenario-simulation
S095,D24,G20,absorbing-damage-fact,N13,model-motivated-proposal,conditional-mechanism-link-not-full-scenario-simulation
S191,D24,G20,absorbing-damage-fact,N13,model-motivated-proposal,conditional-mechanism-link-not-full-scenario-simulation
S282,D24,G20,absorbing-damage-fact,N13,model-motivated-proposal,conditional-mechanism-link-not-full-scenario-simulation
S349,D24,G20,absorbing-damage-fact,N13,model-motivated-proposal,conditional-mechanism-link-not-full-scenario-simulation
S051,D20,G20,absorbing-damage-fact,N14,model-motivated-proposal,conditional-mechanism-link-not-full-scenario-simulation
S081,D20,G20,absorbing-damage-fact,N14,model-motivated-proposal,conditional-mechanism-link-not-full-scenario-simulation
S082,D20,G20,absorbing-damage-fact,N14,model-motivated-proposal,conditional-mechanism-link-not-full-scenario-simulation
S226,D20,G20,absorbing-damage-fact,N14,model-motivated-proposal,conditional-mechanism-link-not-full-scenario-simulation
S324,D20,G20,absorbing-damage-fact,N14,model-motivated-proposal,conditional-mechanism-link-not-full-scenario-simulation
S090,D23,G20,absorbing-damage-fact,N14,model-motivated-proposal,conditional-mechanism-link-not-full-scenario-simulation
S231,D23,G20,absorbing-damage-fact,N14,model-motivated-proposal,conditional-mechanism-link-not-full-scenario-simulation
S251,D23,G20,absorbing-damage-fact,N14,model-motivated-proposal,conditional-mechanism-link-not-full-scenario-simulation
S347,D23,G20,absorbing-damage-fact,N14,model-motivated-proposal,conditional-mechanism-link-not-full-scenario-simulation
S015,D24,G20,absorbing-damage-fact,N14,model-motivated-proposal,conditional-mechanism-link-not-full-scenario-simulation
S095,D24,G20,absorbing-damage-fact,N14,model-motivated-proposal,conditional-mechanism-link-not-full-scenario-simulation
S191,D24,G20,absorbing-damage-fact,N14,model-motivated-proposal,conditional-mechanism-link-not-full-scenario-simulation
S282,D24,G20,absorbing-damage-fact,N14,model-motivated-proposal,conditional-mechanism-link-not-full-scenario-simulation
S349,D24,G20,absorbing-damage-fact,N14,model-motivated-proposal,conditional-mechanism-link-not-full-scenario-simulation
S015,D25,G22,policy-hold,N14,model-motivated-proposal,conditional-mechanism-link-not-full-scenario-simulation
S095,D25,G22,policy-hold,N14,model-motivated-proposal,conditional-mechanism-link-not-full-scenario-simulation
S191,D25,G22,policy-hold,N14,model-motivated-proposal,conditional-mechanism-link-not-full-scenario-simulation
S282,D25,G22,policy-hold,N14,model-motivated-proposal,conditional-mechanism-link-not-full-scenario-simulation
S349,D25,G22,policy-hold,N14,model-motivated-proposal,conditional-mechanism-link-not-full-scenario-simulation
