finding;target;disposition;replacement_claim;architectural_limit;source
SK01;D10-D13 and G09-G12 alarm semantics;superseded-in-A6;The old recurrence is a disposable notification-counter model that clears backlog not a preservation model of unresolved incidents;No durable incident record or safe grouping capability follows from that scalar model;reviews/skeptic/method-audit.md SK01 and probe P03
SK02;D10 and G09 permanent mute classification;corrected-in-A6;Permanent mute is policy-maintained suppression with tested return in a narrow projection;Keep recurrence evidence separate from the persistence mechanism and input assumptions;reviews/skeptic/method-audit.md SK02 and probe P04
SK03;D01.3 and D01.4 missing downstream disposition;corrected-in-A6;Both are explicitly retained as separator fixed states without local attraction and excluded from residue evidence;No computed set should disappear merely because it supports no preferred candidate;reviews/skeptic/method-audit.md SK03 and probes P01 P07
SK04;Basin-return and model-attractor wording;narrowed-in-A6;Results are returns from specified seed and neighbor grids not operational stability or bounded recovery cost;Unknown return time excursion and untested state axes prevent stronger resilience claims;reviews/skeptic/method-audit.md SK04 and probe P06
SK05;D06-D08 restart attraction;narrowed-in-A6;A saturated pressure projection and chosen cooling law can produce the reported trap or cycle;Uncapped pressure and balanced cooling give different regimes so no physical boundedness follows;reviews/skeptic/method-audit.md SK05 and probe P02
SK06;G13 confidently wrong artifact and G15 corrected artifact;narrowed-in-A6;Confidence is reinforced around a fixed artifact while continued post-acceptance review and a perfect repair oracle are stipulated;Do not infer attraction of content toward falsehood or a general independent verifier;reviews/skeptic/method-audit.md SK06 and probe P05
SK07;Candidate trace edges and preservation claims;superseded-in-A6;A behavior observation hazard motivating intervention and unmodelled preservation prerequisite are different relations;No scalar queue or pending counter proves identity fairness durability accessible evidence or retained work;reviews/skeptic/method-audit.md SK07 and probes P08 P10
SK08;Information starvation and damage;qualified-in-A6;A silent sender observation can fit accepted and unaccepted histories while duplicate acceptance is an observer-known historical fact;Do not infer destruction of all independent receipts or uncompensable net harm without additional evidence;reviews/skeptic/method-audit.md SK08 and probe P09
SK09;Independence and scenario screening;procedure-replaced-in-A6;Separate agents receive neutral texts and author per-scenario dispositions while shared model and input-selection biases remain;A no-model-link generated label is not an auditable screening rationale and agreement is not proof;reviews/skeptic/method-audit.md SK09
