id;source_states;scope;qualification;prohibited_inference;review_basis
QF01;OB02 OP002 OP033 BD36;observation versus execution;Track host execution business reachability observer freshness operator access and human receipt independently;Observer outage alone does not prove unavailable execution or lost work;CF01 AL13
QF02;BD04 OP005 OP024 OB03;S305 S330 and work-product comparison;In S305/S330 distinguish wrong observer belief or intervention from actual erroneous completed work;Do not merge every BD04 occurrence with a wrong work product;CF02 AL14 AL25
QF03;OP014 OP015 GV13 OB06 BD03;component-specific holds;Track task-attempt authorization workspace occupancy participant outcome and decryption access as independent predicates;Resolving one evidence wait does not release all other holds;CF03 AL02 AL03 AL04
QF04;OP015 OP016 OP025 GV13 OB06 OB32;source entry points;Lease retention is supported for restore and disconnected-state paths while presumed-gone recreation is a different inspected recovery path;No product-wide positive-death-evidence guarantee and no observed overlapping-writer incident follows from one helper;CF04 AL03 AL08
QF05;OP035 OP014 OB29 OB17;S072 versus S260;Retain the possible post-intent queued-cancel then writer-call interleaving subject to caller serialization;A manual writer invocation is not proof of external acceptance and differs from a falsely acknowledged failed commit;CF05 AL11
QF06;OP026 OP018 OP021 GV02 OB25 BD02 BD25;guard and exit branches;State the exact boundary predicate and whether enforcement is source-local designed or merely assumed;A named guard or proposed exit is not a demonstrated surviving capability;CF06 AL19 AL22 AL23
QF07;OP001 GV01 OB01 BD01 OP026;benign reference branches;Separate ongoing work verified bounded completion truthful refusal cancellation and resource release;An empty queue or refused request does not prove useful completed work or universal health;CF07 AL24
QF08;GV31 BD16 OB15;coverage granularity;Retain epistemic-only diagnosis separately from an operational destination hypothesis;Conditional versus unresolved counts are not a ranking of reviewers or solved scenarios;CF09 AL29
QF09;OP004 GV11 OB11 BD24;basin experiment conditions;First remove the initiating fault at fixed declared base demand and policy then separately test zero new arrivals;Drainage after changing demand cannot alone refute two basins under unchanged positive demand;CF10 AL44
QF10;GV11 OB36 GV12 OP004;work reproduction;Specify finite scope set lineage preservation fresh-root authority retry bounds and continued producers;A huge finite delegation tree is not unbounded recursive depth or a demonstrated attractor;CF11 AL46
QF11;OP032 OB34 BD18 OB05 BD19;human feedback;Distinguish erroneous approvals generating faults dismissal preserving a false criterion reminders consuming repair and deliberate deferral;A mute or an absent human needs no self-reinforcing loop and notifications are not unresolved incidents;CF12 AL48
QF12;OP006 OP013 GV18 GV39 GV42 GV48 OB24 OB28 BD30 BD31 BD33;information inventory;Name the required fact lawful accessible copies keys decoders feasible recovery paths and time horizon;No known access today is not proof of permanent erasure or all-world information loss;CF13 AL31 AL32 AL33 AL34 AL35 AL36
QF13;OP028 OP023 GV38 OB17 BD10;historical occurrence and harm;Separate accepted effect consent fidelity duplicate count recoverable balance and irreversible property;A past action can be legitimate or compensable without being un-happened;CF14 AL01 AL37
QF14;OP012 OP034 GV39 BD30 BD04;work product survival;Track path original bytes interpretable meaning and independently accepted completion separately;Structural completion validation establishes neither artifact existence nor task-specific usefulness;CF16 AL31
QF15;GV05 BD05 GV09 OB22 BD35 BD34;epistemic and malicious loops;Require actual evidence reuse trust reinforcement or compromise reproduction and identify a corrective channel that can affect decisions;Shared error malicious control and perfectly indistinguishable observations are not one attractor;CF17 AL27 AL57 AL58
QF16;GV46 BD32 BD23 OP022;retirement boundary;Separate local service cessation usable permitted export participant closure late liabilities and monitoring horizon;Local shutdown does not prove zero future external effects or universal remote erasure;CF18 AL53 AL56
QF17;OP011 GV43 OP014 GV13 OB16 BD03;implementation evidence;Bind each code claim to its inspected function and preconditions and retain unknown snapshot suffixes;Static library transitions are not deployed sagas event replay or whole-scenario empirical evidence;CF19
