id;candidate_structure;regimes;retained_function;required_conditions;architectural_consequence;counterexample;status
N01;Admission-bounded useful-work queue;G01 G02;Some accepted work can finish while excess demand is explicitly refused;One effective intake authority and service capacity not consumed by an uncounted path;Account for accepted and rejected demand without pretending all offered work is served;A plugin bypasses admission or exhausts all physical capacity;model-motivated-proposal
N02;Drain-only recovery path;G03 G04 G01;Existing backlog can shrink before normal admission resumes;Both fresh intake and feedback retries can be restricted below actual degraded service;Specify an inspectable draining transition instead of only normal versus stopped;An unknown external effect is retried or a live lease is released to make draining appear successful;model-motivated-proposal
N03;Cross-layer attempt budget and ownership;G03 G19;Work amplification remains accountable across kernel plugin SDK and participant calls;All retry producers are observable or bounded by an enforceable boundary;Persist business-operation identity separately from the permitted attempt budget;An opaque SDK retries outside the budget or another task repeats the same business operation;model-motivated-proposal
N04;A bounded startup compartment with cooling opportunity;G05 G06;A viable integration can bootstrap without its own restarts exhausting shared resources;Failure is transient or resource-related and startup limits really include descendants;Separate startup budget from steady-state budget and test cold entry from outside the running basin;The binary is permanently broken so cooling only produces another failure;model-motivated-proposal
N05;Quarantined integration plus inspectable last evidence;G07 G08;The damaged integration stops consuming restart attempts while its failure remains diagnosable;Diagnostics are captured safely and the diagnostic path does not require that integration;End retries after a bounded policy and require evidence before another activation;Quarantine silently restarts elsewhere or destroys the only diagnostic evidence;model-motivated-proposal
N06;Unacknowledged incident handover record;G12;An unresolved incident remains visible to a later legitimate recipient;Record is durable accessible and not confused with acknowledgment or repair;Treat nobody available as a real holding regime rather than escalating into automatic consent;All records or legitimate access paths are lost;model-motivated-proposal
N07;Grouped incident delivery lane;G09 G10 G11;Repeated symptoms do not consume one human decision each;Grouping preserves distinct actionable incidents and at least one legitimate recipient is reachable;Budget human alarm load and test which distinctions grouping may erase;Two genuinely different urgent incidents are mistakenly merged;model-motivated-proposal
N08;Inspectably bounded suppression and re-entry policy;G09 G10 G11;Temporary silence has an owner an end and a way back into actionable observation;Expiry is enforced independently enough and recurrence is addressed before repeated re-entry;Do not call an expiring mute a fix when it merely creates a flood-mute cycle;The suppression clock fails or the unchanged flood overwhelms every reopening;model-motivated-proposal
N09;Rejected draft with its contradiction evidence;G13 G14;Useful partial work and the reason not to release it remain available;The contradiction is legitimate and retaining the content is allowed;Keep worker output rejection evidence and permission to use separate;The rejecting oracle is wrong or the artifact must legally be deleted;model-motivated-proposal
N10;Verifiable work package with explicit oracle provenance;G13 G15;A later reviewer can inspect what criterion and evidence justified acceptance;A genuinely adequate independent criterion exists outside the toy model;Do not promote modelled perfect repair into an implemented universal verifier;All judges share the same false source or no valid criterion exists;unproven-prerequisite
N11;Participant-enforced single-writer binding;G16 G17;One accepted business history persists despite competing local attempts;The actual participant rejects the excluded authority at its acceptance boundary;Test real fencing rather than interpreting local identity or green monitoring as ownership;Two participants do not share the same exclusion rule;model-motivated-proposal
N12;Pending-operation evidence journal;G18 G21;Intent attempts uncertainty and eventual receipt remain tied to the original business operation;Required facts are durable and not reconstructed from current guesses;Permit an explicitly unknown outcome without turning timeout into failure or replay into resend;Needed evidence was never persisted or an old snapshot omitted the operation;model-motivated-proposal
N13;Retained participant deduplication evidence;G19 G20;Repeated requests do not necessarily create repeated business effects;Participant retention covers the uncertainty window and business identity truly matches;Treat participant memory as a separate conditional capability from the local pending journal;The participant forgets the key or equivalent tasks use different keys;model-motivated-proposal
N14;Restore-quarantined historical work package;G20 G22;Historical intent remains inspectable without gaining fresh execution authority;Restore is recognized and independent current evidence can be sought;Use a read-and-reconcile boundary before any potentially already executed queued work;A manually copied snapshot bypasses the gate or no independent evidence remains;model-motivated-proposal
