id;name;object;survival;prerequisites;failure_boundary;module_hint;architectural_change;validation
BDR001;Datensparsames Lebenszeichen;Hülle mit zufälliger Instanzkennung Sequenz und grobem Zustandswert ohne Kundenbezug;Ein berechtigter Beobachter kann diese Hülle auswerten ohne Gespräch oder Kundenname zu erhalten;Entwurf mit getrennt geschützter Zuordnung und aufgabenangemessen begrenzter Zeitauflösung;Verknüpfbare Zeitmuster oder zugängliche Zuordnung verraten weiterhin Identität und Hülle beweist keine Geschäftswirkung;Telemetrievertrag;Felder und zeitliche Informationsgrenze explizit definieren und scopeweise aktivieren;Synthetische Kunden und Bereitschaftszeiten aus Hüllen inferieren und gegen erlaubte Aussagekraft testen
BDR002;Begrenzter Diagnoseauszug;Explizit freigegebener Fehlercode mit technischen Parametern ohne Gesprächsinhalt;Support kann den isoliert erzeugten Auszug lesen auch wenn der Vollkontext nicht exportiert werden darf;Entwurf mit positiv festgelegten Feldern und lokaler Kontrolle vor Übertragung;Freitext verschachtelte Inhalte oder zu breite Leserrechte lassen Geheimnisse durch und alte Offenlegung bleibt;Diagnoseexport;Eigenes Diagnoseschema statt Serialisierung vollständigen Agentenkontexts vorsehen;Synthetische Geheimnismarker in allen nicht freigegebenen Feldern platzieren und Nutzbarkeit der Fehlerdiagnose getrennt prüfen
BDR003;Begrenztes Belegpaket;Unveränderte Aussagen mit Herkunft Gegenstand Beobachtungszeit und bekannten Lücken;Berechtigte Prüfer können Widerspruch oder historische Behauptung nachvollziehen wenn die Kopie außerhalb der jeweiligen fehlerhaften Schreibgrenze liegt;Entwurf mit lesbarer rechtmäßig aufbewahrter Kopie und nicht kompromittierter Provenienz für die beanspruchte Aussage;Es beweist weder Wahrheit noch Vollständigkeit und fällt bei Verlust seiner einzigen Kopie oder unprüfbarer Herkunft aus;Evidenzaufnahme;Beobachtung und Deutung getrennt speichern mit Lücken und widersprechenden Aussagen statt überschreibendem Status;Zwei widersprechende Aussagen und fehlenden Zeitraum einspeisen und prüfen dass keine davon als geklärte Gesamtwahrheit erscheint
BDR004;Unabhängiger Mengenbezug;Autorisierter Ursprungsbetrag mit Währung und Geschäftsvorgang aus anderer Fehlerquelle;Fachprüfer können veränderte Beträge oder gemeinsame falsche Ableitungen gegen diesen Bezug prüfen;Entwurf setzt tatsächlich überlebenden unabhängigen Ursprung und legitimen Lesezugriff voraus;Gemeinsamer fehlerhafter Ursprung oder fehlende Originalmenge beseitigt die Aussagekraft und repariert keinen schon erfolgten Schaden;Mengenabgleich;Ursprungsbezug und Fehlerquellenherkunft an Import und Ergebnisabnahme binden;Gültigen Zahlenwert verändern und gleiche falsche Backups gegen den getrennten Ursprung vergleichen
BDR005;Dimensionsgebundener Wertevertrag;Wert mit Einheit Skalierung Währung Rundung und Vertragsversion;Kompatible Empfänger können die bestimmte Menge lesen oder inkompatible Bedeutung vor Nutzung ablehnen;Entwurf setzt prüfenden Empfänger vor der nächsten Wirkung sowie unabhängig bestimmte Sollsemantik voraus;Ein bloßes Versionslabel oder gleich falsch implementierte Umrechnung erhält keine richtige Bedeutung;Semantischer Pluginvertrag;Dimensionsverträge aushandeln und inkompatible Interpretation vor Mutation zurückweisen;Euro Cent Dezimalkomma und alte Pluginversion mit unabhängig festgelegten Sollmengen kreuzen
BDR006;Gebundene Preiszusage;Preisbeleg mit Produkt Angebotsversion Gültigkeit und zulässigem Bestellbezug;Bestellprüfer können trotz altem Cache Bindung und Gültigkeitsgrenze eines echten Preisbelegs prüfen und nur den gültig fixierten Preis nutzen;Entwurf setzt erhaltenen echten Preisbeleg und verlässliche Prüfung seiner Bindung bei Annahme voraus;Ein Cachewert ohne echten Beleg liefert diese Prüfung nicht und abgelaufene oder widerrufene Zusage ist keine heutige Preisautorität;Preisgültigkeit;Cachealter von Angebotsbindung trennen und Bindung bei Annahme prüfen;Alte gültig fixierte Zusage und gleich alten ungebundenen Cacheeintrag unterschiedlich behandeln
BDR007;Bestätigter Realempfängerbezug;Beleg der beabsichtigten realen Person und ihres Zielkanals unabhängig vom Anzeigenamen;Legitimierter Bearbeiter kann Namensgleichheit vor Lieferung auflösen;Entwurf setzt unabhängige passende Identifikation und aktuellen erlaubten Zielkanal voraus;Falscher Ursprungsauftrag oder kompromittierte Identifikation lässt auch korrekte interne IDs fehlleiten;Empfängerbindung;Realweltbezug als separate Abnahmebedingung an den Effekt binden;Zwei gleichnamige synthetische Personen und vertauschte Zielkanäle dürfen nicht dieselbe Freigabe bestehen
BDR008;Teilnehmerseitige Schreibgeneration;Dauerhafte Autoritätsgeneration mit durch Teilnehmer erzwungenem Ausschluss alter Writer;Legitimer neuer Writer kann exklusiv fortfahren wenn jeder betroffene Teilnehmer die alte Generation auch bei gepufferten Aufträgen zurückweist;Entwurf mit dauerhafter zuständiger Vergabe und realer Prüfung am letzten Schreibpunkt;Lokale Lease oder Fencingbestätigung ohne Annahmeprüfung schließt alte Außenwirkung nicht aus und klärt frühere Wirkungen nicht;Writerautorität;Übergabe als dauerhaftes Protokoll mit prüfbarer Teilnehmergeneration und getrenntem Wirkungsabgleich gestalten;Alten Writer und vor Übergabe gepufferten Auftrag nach Fencing erneut anbieten und tatsächliche Ablehnung prüfen
BDR009;Versuchsregister mit offenem Ausgang;Erhaltene Operationsidentität Versuchsevidenz und ausdrücklich unbekannter Ausgang samt Wiederholsperre;Berechtigter Operator kann bekannte Versuche abgleichen ohne sie wegen fehlender Antwort automatisch erneut auszulösen;Entwurf setzt vor Grenzübertritt gespeichertes erhaltenes Register und wirksame lokale Wiederholkontrolle voraus;Fehlender Snapshotnachlauf unbekannte Versuche oder fremde ungehemmte Sender sind nicht abgedeckt und alte Wirkung bleibt möglich;Versuchsabgleich;Intent Ergebnis und Wissenslücke dauerhaft getrennt führen und Freigabe nicht als Ergebnisaufklärung behandeln;Antwort nach Timeout und Restore vor jüngstem Versuch kombinieren und nur tatsächlich belegte Versuche als bekannt ausweisen
BDR010;Annahmegebundene Gültigkeit;Auftrag mit aktueller Mandatsreferenz Ablauf und wirksamem Widerruf am Effektteilnehmer;Zuständiger Teilnehmer kann veraltete Arbeit noch ablehnen obwohl sie lange in Transport oder Recovery lag;Entwurf setzt vertrauenswürdige aktuelle Zeit oder Epoche erreichbare Verbotsinformation und Kontrolle des letzten Effektschritts voraus;Nur am Versand geprüfte Rechte oder Annahme vor bekanntem Verbot erlauben keine Rückwirkung und Ausfall des Prüfers ist kein sicherer Zustand per se;Wirkungsgültigkeit;Mandat und Kontext bei letzter Annahme prüfen und Ablehnung von Warteschlangenentleerung getrennt belegen;Zwischen Versand und Annahme Ablauf Widerruf oder Rechtsänderung einsetzen und gepufferte Annahme beobachten
BDR011;Unabhängig lesbarer Notstart;Lokal dokumentierte Konfiguration und passender Minimalreader ohne das optionale Plugin oder dessen Cloudkonto;Autorisierter lokaler Betreiber kann Zustand lesen und begrenzte Reparatur vorbereiten;Entwurf setzt lokale Bytes Decoder Schlüssel und Betriebssystemzugang außerhalb der kaputten Abhängigkeit voraus;Verschlüsselungsschlüssel oder einziger Reader hinter demselben Plugin schließt diesen Pfad und Notstart erteilt keine Außenfreigabe;Lokaler Bootstrap;Konfigurationsvertrag und gebündelten lokalen Lesepfad ohne optionale Startabhängigkeiten konkretisieren;Plugin und Cloudzugang im isolierten Aufbau entfernen und Konfiguration ohne deren Aufruf interpretieren
BDR012;Scopebegrenzte Startfähigkeit;Start- und Datenzugriff eines nicht aktivierenden Scopes ohne optionales fremdes Plugin;Dessen berechtigte Nutzer können lokale Arbeit und Inspektion fortsetzen wenn Abhängigkeiten und Ressourcen wirklich getrennt bleiben;Entwurf mit expliziter Scopeaktivierung und Kernmigration ausschließlich in Kernzuständigkeit;Gemeinsamer mandatory Parser Store oder Host kann weiterhin alle Scopes treffen und bewiesene Isolation gilt nur für benannte Pfade;Scopeaktivierung;Pluginanforderung vom Kernschema und lokalen Start anderer Scopes trennen;Optionales Plugin fordert globale Migration und verliert Cloudzugang während nicht aktivierender Scope lokale Abfragen ausführt
BDR013;Unverändert lesbarer Versionsbestand;Vor Mutation geschützter Store mit unbekannten Feldern und bekanntem Formatstand;Kompatibler späterer Leser kann ursprüngliche Bytes weiterverwenden während alter Writer abgewiesen bleibt;Entwurf setzt Versionsprüfung vor erstem Schreibzugriff und unveränderte zugängliche Kopie voraus;Bereits überschriebene einzige Felder sind nicht rekonstruierbar und Byteerhalt beweist keine semantische Richtigkeit;Storekompatibilität;Reader- und Writerkompatibilität separat prüfen und unbekannte Felder niemals durch Defaults ersetzen;Altes Binary gegen neues Testformat öffnen und vor sowie nach abgelehntem Schreiben alle unbekannten Bytes vergleichen
BDR014;Nachvollziehbares Betriebs- und Baupaket;Lokale Quellen verfügbare Bauabhängigkeiten Betriebsannahmen und eng begrenzte Reparaturanleitung;Legitimierter Nachfolger kann damit definierte Funktionen erklären bauen und prüfen ohne verschwundenen Maintaineraccount;Entwurf setzt tatsächlich vorhandene kompatible Werkzeuge Rechte und verständliche dokumentierte Annahmen voraus;Quelltext ohne Toolchain oder geheimes Erfahrungswissen reicht nicht und entfallene Providerrechte werden nicht erzeugt;Wartungsübergabe;Reproduzierbare lokale Eingaben und exemplarische Betriebsentscheidungen als versioniertes Übergabepaket konkretisieren;Nachfolger bearbeitet einen unbekannten synthetischen Incident allein mit Paket und weist kompatiblen Neubau nach
BDR015;Erklärbare Autoritätsentscheidung;Aufbewahrte gegensätzliche Weisungen mit Geltungsbereich und kompetent festgelegter Vorrangregel oder explizit offenem Konflikt;Legitimierte Entscheider können Zuständigkeit prüfen und kontrollierte neue Effekte bis zur Klärung zurückhalten;Entwurf setzt unabhängige gültige Entscheidungsbefugnis und durchgesetzte lokale Sperre voraus;Das Register erfindet keine rechtliche Vorrangregel und hält keine ungehemmt gepufferten Außenaktionen auf;Freigabesemantik;Konflikt Entscheidung Begründung und Wirkungsgeltung explizit statt impliziter Ausnahmepräzedenz modellieren;Gleichzeitig signierte Gegenweisungen in verschiedener Reihenfolge liefern und ohne gültige Vorrangregel nie automatisch freigeben
BDR016;Abgegrenzter Prüflaufbeleg;Eingabespur mit getrennt steuerbaren Uhren Teilnehmerannahmen und ausdrücklich aufgelisteten Testannahmen;Testprüfer können belegen was ein Lauf untersucht und welche Produktionsaussage er nicht trägt;Entwurf setzt erhaltene Spuren und vom Prüfling getrennte Ablaufsteuerung voraus;Mockannahmen sind keine Providerbeweise und gleicher Timer oder gemeinsame falsche Quelle kann den Unterschied unsichtbar machen;Vertragsprüfung;Verzögerte Annahme Zeitstillstand und falsche Fencingbestätigung als getrennte negative Spuren aufnehmen;Defekt gezielt zwischen sofortiger und später Annahme variieren und unterschiedlichen Ausgang bei unabhängig laufendem Prüfer verlangen
BDR017;Eindeutig interpretierbare Alarmansicht;Alarmhülle mit stabiler vollständiger Zielkennung Textstatus einschließlich unklar und redundanter nicht nur farblicher Bedeutung;Berechtigter erreichter Operator kann den Zielzustand auf seinem Gerät verstehen bevor er eine Aktion bestätigt;Entwurf setzt erhaltene Statussemantik vollständige Identitätsbestätigung und für den Operator nutzbare Darstellung voraus;Ausgeschaltetes Gerät oder falscher Ursprung wird nicht durch bessere Darstellung behoben und Verstehen ist noch keine Reparatur;Menschliche Alarmsemantik;Status Identität Übersetzung und Darstellung als geprüften Vertrag einschließlich Bestätigungsansicht behandeln;Farbfehlsichtigkeit kleines Display ähnliche Pfade und Übersetzung mit synthetischen Aufgaben auf richtige Zuordnung prüfen
BDR018;Begrenzter Zustell- und Empfangsnachweis;Persistenter Zustand einer endlichen Alarmzustellung mit Frist fehlender Quittung und berechtigtem Ausweichweg;Zuständiger Disponent kann fehlenden Empfang erkennen und eine konkrete Nachricht weiterreichen wenn ein unabhängiger Empfängerpfad verfügbar ist;Entwurf mit überlebendem Fristgeber erreichbarem legitimiertem Empfänger und begrenztem Zustellvolumen;Kein erreichbarer Empfänger bedeutet keine menschliche Intervention und Zustellabschluss erhält nicht alle offenen Incidents;Alarmzustellung;Transportannahme menschliche Quittung Frist und berechtigten Ausweichkontakt getrennt führen;Ein Telefon ausschalten und tatsächlichen Empfang am getrennten Testweg messen statt nur Providerannahme
BDR019;Offenes Vorfallsregister;Separater Vorfall mit Quittung Zuständigkeit Reparaturfrist und geprüftem Abschluss unabhängig von Anzahl seiner Meldungen;Legitimierte Einsatzplanung kann ungelöste Fehler nach Meldungsflut oder Quittung weiterfinden;Entwurf setzt überlebendes kapazitiv begrenztes Register und verfügbare Bearbeitungsbefugnis voraus;Register ersetzt keine Reparaturkapazität und bei Überlauf ohne offengelegte Lücken ist Vollständigkeit nicht erhalten;Vorfallsführung;Meldungen bündeln ohne Vorfälle zu schließen und Aufschub von verifizierter Behebung trennen;Zehntausend Wiederholmeldungen echten neuen Ausfall und quittierten Langläufer mischen und getrennte offene Vorfälle nachweisen
BDR020;Legitimer Nachfolgezugang;Außerhalb des Einzelkontos verwahrter rechtmäßiger Wiederherstellungs- und Zuständigkeitsnachweis;Berechtigter Nachfolger kann definierte Beobachtungsrechte zurückerhalten ohne Mitwirkung des ausgeschiedenen Kontrolleurs;Entwurf setzt unabhängigen erreichbaren Kontowiederhersteller und gültige Nachfolgeregel voraus;Provider verweigert Wiederherstellung oder alle legitimierten Nachfolger fehlen dann ist kein Zugang erhalten;Kontonachfolge;Kontohoheit Recoveryrechte und Vertreterwechsel getrennt von Agentenbereitschaft dokumentieren;Gesperrtes Einzelkonto im isolierten Verfahren ersetzen und Berechtigung des Nachfolgers ohne alten Zugang nachweisen
BDR021;Unabhängiger Stummschaltungsbeleg;Außerhalb des kontrollierten Teams lesbarer Verlauf von Alarmregeln Stummschaltungen und Beobachtungslücken;Berechtigte unabhängige Aufsicht kann Unterdrückung sehen obwohl der kontrollierte Alarmkanal still ist;Entwurf mit getrennten Schreibrechten Zuständigkeit und tatsächlich unabhängigem Speicher oder Beobachter;Gleicher Administrator gleiche Cloud oder fehlender legitimer Leser hebt Unabhängigkeit auf und fehlende Alarmdetails werden nicht rekonstruiert;Aufsicht über Alarmregeln;Stummschaltung als sichtbare befristete Entscheidung außerhalb der Eigenkontrolle des Bewerteten spiegeln;Kontrolliertes Team mutet und manipuliert eigene Health während unabhängiger Prüfer die Lücke weiterhin erkennt
BDR022;Lokal interpretierbarer Geschäftsbestand;Rechtmäßig zugängliche lokale Aufzeichnungen mit dokumentierter Bedeutung und nötigen Schlüsseln;Berechtigter Offlinebetreiber kann den erhaltenen Stand prüfen auch wenn Cloud Finanzierung oder Provider endet;Entwurf setzt existierende lesbare Kopie und lokalen Zugang außerhalb der ausgefallenen Abhängigkeit voraus;Fehlender Snapshotnachlauf Provider-only Daten oder verschwundener Schlüssel bleiben verloren oder offen und Offlineakten führen keine Außenwirkung aus;Offlineinspektion;Begrenzten lesbaren Exportstand mit Lücken und Zugangsvoraussetzungen definieren;Cloud und Kontozugriff entfernen und benannte Geschäftsfakten nur aus dem inventarisierten lokalen Stand beantworten
BDR023;Geprüfter Ersatzprovidervertrag;Semantische Zuordnung einer bestimmten Operation und ihrer Ergebnisbelege zu einem legitim nutzbaren Ersatzteilnehmer;Berechtigter Betreiber kann genau diese Funktion fortsetzen wenn Ersatz Kapazität und Rechte tatsächlich vorhanden sind;Entwurf setzt vor Frist geprüfte Semantik legitime Zugangsdaten und getrennte alte Operationsabklärung voraus;Nur ähnliches API oder nicht übertragbare Rechte erhält keine Funktion und Wechsel tilgt alte Warteschlangen nicht;Providerportabilität;Austauschvertrag mit Bedeutungsprüfung und getrenntem Altverpflichtungsabschluss definieren;Dieselbe synthetische Fachoperation bei Ersatz unabhängig abnehmen und alte offene Operation nicht als nie gesendet behandeln
BDR024;Register noch offener Kosten;Bekannte Zusagen Reserven Tarife und ausdrücklich unbekannte verspätete Belastungen;Berechtigte Finanzplanung kann bekannte Verpflichtungen von scheinbar freiem Budget trennen trotz verspäteter Rechnung;Entwurf setzt erhaltene Zusagebelege und abgegrenzte Kostengrößen voraus;Unbekannte Tarife oder versteckte Annahmen lassen keine sichere Obergrenze zu und ein Register stoppt Providerkosten nicht;Verpflichtungsrechnung;Commitment und gemeldeten Verbrauch getrennt bilanzieren mit sichtbaren Unsicherheiten;Eine Woche verspätete Kosten und unbekannten Tarif einspeisen und keine unbelegte freie Budgetsumme ausgeben
BDR025;Begrenzte Arbeitsannahme;Zähler Warteschlange und Deduplikationsbezug für eine endliche Zahl gleichzeitig zugelassener Versuche;Lokaler Disponent kann bekannte Arbeit priorisieren und weitere eigene Kopien verweigern wenn Kontrolle vor jedem eigenen Versand liegt;Entwurf setzt dauerhafte begrenzte Zähler getrennte Ressourcenreserve und vollständige Kontrolle eigener Produzenten voraus;Fremde Produzenten schon angenommene Kopien oder ungebundene Providerpreise entgehen der Grenze und Drainage ist nicht garantiert;Lastzulassung;Retry- und Spekulationsbudget über Produzenten teilen und Outcomeabgleich von Lastabbau trennen;Bei fester Grundlast Timeout und Kaltcache variieren und maximale aktive eigene Arbeit sowie Rückstand nach Fehlerende messen
BDR026;Lokale Aktuatorfreigabe;Am physischen Effekt wirksamer Interlock mit aktueller Kontextprüfung;Zuständiger Sicherheitsbetrieb kann einen alten Befehl trotz Cloudverzug vom Aktuator fernhalten;Entwurf nur nach kompetentem Gefahrenmodell mit unabhängigen Sensoren Energie und verbindlicher Aktuatorkontrolle;Sensorfehler umgehbarer Interlock oder bereits bewegtes Ventil widerlegt Schutz und bloßes Unterlassen kann selbst gefährlich sein;Physischer Freigabevertrag;Factory als nicht sicherheitsautorisierende Auftragsschicht begrenzen und externe lokale Schutzgrenze vertraglich verlangen;Ausschließlich getrennt genehmigte sichere Simulation prüft alten Befehl nach Kontextänderung gegen reale Schutzanforderung
BDR027;Unabhängiger lokaler Notstopp;Lokaler Abschaltpfad mit prüfbarer Rückmeldung des für die konkrete Anlage sicheren Zustands;Zuständiger Sicherheitsoperator kann ohne Cloudantwort den definierten sicheren Zustand innerhalb der Gefahrfrist erreichen;Entwurf setzt qualifiziert festgelegten sicheren Zustand lokale Energie Aktuatorgewalt und unabhängige Rückmeldung voraus;Stopp kann bei anderer Anlage gefährlich sein und fehlende Energie Aktuatorfehler oder zu kurze Gefahrfrist beseitigt die Fähigkeit;Notstoppgrenze;Cloudkommunikation aus dem sicherheitskritischen Stopppfad ausschließen und tatsächlichen Zustand statt Befehlsquittung unterscheiden;Getrennt genehmigte sichere Simulation lässt Cloud bis morgen schweigen und misst Zustand und Frist am lokalen Pfad
BDR028;Explizite Terminabsicht;Termin mit festem Zeitpunkt oder ziviler Wiederholung Regelversion und separat gespeichertem Mandatsablauf;Berechtigter Planer kann nach Zeitzonenreform oder Verschiebung Absicht prüfen und mehrdeutige Termine gezielt aussetzen;Entwurf setzt erhaltene menschlich bestimmte Absicht und zuständigen Klärer voraus;Offset allein rekonstruiert keine Absicht und Terminfreigabe erneuert kein abgelaufenes Mandat;Kalendersemantik;Zeitpunkt Wiederholungsregel Regelwechsel und Aktionsgültigkeit separat modellieren;Reform mit doppelten oder fehlenden Ortszeiten auf feste und zivile Termine anwenden und unterschiedliche legitime Ergebnisse verlangen
BDR029;Geprüfte Zeitabschnittsevidenz;Uhrart Boot- und Suspendepoche sowie unabhängig begrenzte verstrichene Zeit oder ausdrücklich ungültige Zeitbasis;Lokaler Planer kann veraltete Fristberechnungen erkennen und betroffene Freigaben oder Mutes neu beurteilen;Entwurf setzt unabhängigen Vergleich oder sicheren Diskontinuitätsnachweis und kontrollierten Fristnutzer voraus;Mit eingefrorene Vergleichsuhr oder unerkannter Epochensprung erhält keine reale Zeit und Erkennung garantiert keinen menschlichen Empfang;Fristbasis;Elapsed Civil und Epochengültigkeit trennen und unbekannte Zeitbasis nicht als verlängerte Autorität verwenden;Jahressuspend Rücksprung und gemeinsam eingefrorene Uhr gegen getrennte Vergleichsbasis prüfen
BDR030;Vollständiger begrenzter Eingangsnenner;Register aller innerhalb eines benannten Fensters angebotenen angenommenen und abgelehnten Tasks samt Ablehnungsgrund;Berechtigter Bewertender kann ehrliche Triage von vor Messbeginn versteckter Auswahl unterscheiden;Entwurf mit Erfassung vor bewerteter Auswahl außerhalb der alleinigen Kontrolle des Bewerteten;Unregistrierte Eingänge oder manipulierender gemeinsamer Ursprung verhindern Vollständigkeit und Zählung beweist keinen Nutzen der Ergebnisse;Leistungsnenner;Eingang und Ablehnung vor Startmessung festhalten und Metriken an ihren tatsächlichen Nenner binden;Schwere Tasks vor Timerstart ablehnen und prüfen dass Gesamtnutzen nicht aus schneller Teilmenge abgeleitet wird
BDR031;Abgegrenzte Dienstpflichtrechnung;Vereinbarte Dienstzeiten reale Unterbrechungen Wartungsklassen und sichtbare Ausschlüsse;Legitimierter Auftraggeber kann eine enge Verfügbarkeitszahl gegen seine wirkliche Dienstpflicht prüfen;Entwurf mit unabhängiger Ausfallerfassung und vorab kompetent vereinbartem Nenner;Nachträglich manipulierbare Ausfälle oder unbekannte Nachtpflichten erlauben keine vollständige Verfügbarkeitsaussage;Dienstpflichtsemantik;Geplante Abwesenheit von tatsächlichem Ausfall und Nutzerwirkung getrennt berichten;Gleiche Unterbrechung als Wartung und Fehler klassifizieren und unveränderte rohe Ausfallzeit und engen Nenner zeigen
BDR032;Aufgabenspezifische Artefaktabnahme;Originalartefakt oder klar begrenzter Prüfbeleg mit unabhängigen fachlichen Abnahmekriterien und tatsächlichem Prüfergebnis;Berechtigter Abnehmer kann behauptetes Fertig von überprüftem Nutzen trennen;Entwurf setzt zugängliches Artefakt vertrauenswürdigen Prüfer und zum Task passende Kriterien voraus;Ein Pfad Status oder selbst erzeugter perfekter Prüfbericht ersetzt weder Originalbytes noch unabhängige Abnahme;Ergebnisabnahme;Berichtet vorhanden interpretierbar und fachlich akzeptiert als getrennte Aussagen führen;Plausibles falsches Artefakt fehlende Datei und richtiges ungeprüftes Artefakt dürfen nicht alle dieselbe Abnahme erhalten
BDR033;Dekodierbares Archivobjekt;Erhaltene Bytes mit unabhängig dokumentiertem Format Semantik und validierbarem Decoder;Berechtigter Archivar kann benannte Inhalte auf anderer CPU oder nach Formatwechsel rekonstruieren;Entwurf setzt überlebende Spezifikation Schlüssel ausführbaren oder rekonstruierbaren Decoder und Vergleichsfakten voraus;Nur Bytes ohne Bedeutung ergeben keine verlässliche Rekonstruktion und plausible neue Deutung ist kein Originalnachweis;Archivinterpretation;Portable Kodierung mit Formatbeschreibung und unabhängigen semantischen Referenzfällen verbinden;Endianness Wortbreite und alten Decoder entfernen und aus inventarisierten Eingaben dieselben Fachwerte wiedergewinnen
BDR034;Kollisionserhaltendes Restoremanifest;Quellidentitäten mit getrennten Inhalten und kollisionsgeprüfter Zielzuordnung vor erstem Überschreiben;Berechtigter Restaurator kann beide Workspaceinhalte trotz anderer Großschreibungsregeln getrennt lesen oder Restore anhalten;Entwurf setzt vollständige noch unveränderte Quellinhalte und Prüfung der tatsächlichen Zielnamensregeln voraus;Schon überschriebene einzige Inhalte sind nicht wiederherstellbar und Inodes sind keine dauerhaften Eigentümerbelege;Restorenamensraum;Quellidentität von Pfad trennen und kollidierende Ziele vor Schreibbeginn ablehnen;Zwei nur in Großschreibung verschiedene Quellen auf aliasierendes Testziel abbilden und beide Originalinhalte erhalten
BDR035;Begrenzter Teilnehmerabschluss;Belege über benannte offene Aufträge deren Erledigung oder Ablehnung und Sperre stillgelegter Autorität;Legitimierter Stilllegungsverantwortlicher kann für den vollständig inventarisierten Teilnehmerumfang nachweisen dass keine dort akzeptierbare Altaktion bleibt;Entwurf mit kooperierenden Teilnehmern vollständiger Operationsgrenze dauerhafter Ablehnung und Aufsicht bis zum Abschluss;Schweigen unbekannte Teilnehmer oder unbegrenzt akzeptierbare Altaufträge erlauben keinen Gesamtabschluss und Kosten brauchen eigene Abrechnung;Stilllegungsabschluss;Lokalen Dienststopp Exportende Teilnehmerabschluss und späte Haftung getrennt als Pflichten behandeln;Nach lokalem Stopp gepufferte Altaktion anbieten und sowohl Teilnehmerablehnung als auch Grenzen des Inventars prüfen
BDR036;Zulässiger Datenverfügungsbeleg;Kompetent entschiedener Umfang Reihenfolge Empfänger und begrenzter Nachweis von Export Aufbewahrung oder Löschung ohne geheime Inhalte im Nachweis;Berechtigte Datenschutzverantwortliche können eine widerspruchsfreie begrenzte Verfügung ausführen und später ihren Umfang prüfen;Entwurf setzt echte rechtliche Zuständigkeit geklärte Pflichten und erlaubten lesbaren Nachweis voraus;Unvereinbare Pflichten oder verbotener Nachweis erlauben keine Verfügung und Empfängervergessen sowie universelle Fernlöschung sind nicht beweisbar;Datenverfügung;Datenumfang Zweck Frist Empfänger und Beweisgrenze getrennt von pauschalem gelöscht modellieren;Export-vor-lokaler-Löschung von überall-keine-Kopie-bei-lesbarem-Export unterscheiden und widersprüchliche Vorgabe offenlassen
BDR037;Extern verankerter Integritätsbezug;Vor Angriff oder unabhängig davon erhaltene relevante Historie und Beobachtung außerhalb der Schreib- und Prüfrechte des Updates;Legitimierter unabhängiger Prüfer kann konkrete Abweichung erkennen und mit getrennter Autorität kompromittiertes Schreiben ausschließen;Entwurf setzt wirklich getrennte Vertrauenswurzel lesbare Belege und handlungsfähigen zuständigen Prüfer voraus;Perfekt mitkontrollierte Prüfstelle oder gelöschte einzige Historie hat keinen unabhängigen Wahrheitsbezug und Signatur allein hilft nicht;Updatevertrauensgrenze;Updateinstallation Evidenzaufbewahrung und Eingriffsautorität mit klaren nicht gemeinsam schreibbaren Grenzen entwerfen;Isoliertes Modell fälscht Health und lokale Historie während getrennte Referenz Abweichung weiterhin zeigt
BDR038;Endlicher Ruhestandsfilter;Dauerhafter Teilnehmerfilter für nicht wiederverwendete endliche Generationen mit Annahmestopp bei Namensraumerschöpfung;Teilnehmer kann beliebig spät ankommende alte Pakete ohne unendliche Einzelhistorie ablehnen;Entwurf setzt prüfbare Generation vor Wirkung dauerhaften Filter keinen Wraparound und akzeptierten endlichen Zulassungshorizont voraus;Umgehbare Prüfung verlorener Filter oder geforderte unendliche Neuaufnahme bei endlichen Identitäten beseitigt die Garantie;Langzeitannahme;Expliziten Endlichkeitspreis mit Generationenverfall und endgültigem Zulassungsstopp statt ewiger Genau-einmal-Zusage definieren;Sehr alte Pakete nach Historienabbau und erschöpftem Generationsraum anbieten und Ablehnung ohne ID-Wiederverwendung prüfen
BDR039;Begrenzte Ressourcen- und Nutzenbilanz;Gemessene absolute Energie Kosten Beobachtungsleistung und explizite Systemgrenze über einen benannten Zeitraum;Zuständiger Auftraggeber kann teures Monitoring gegen kritische Dienstpflicht und Ressourcenlimit beurteilen;Entwurf setzt unabhängige passende Messung vollständige benannte Kostenanteile und kompetente Wertentscheidung voraus;Ein Verbrauchsverhältnis allein bestimmt keinen Nutzen und fehlende Externalitäten oder normative Priorität bleiben offen;Beobachtungsaufwand;Monitoringaufwand und marginalen Nachweisnutzen explizit bilanzieren statt Clusterzahl als Zuverlässigkeitsbeweis;Gleiches Kostenverhältnis bei lebenswichtiger und unkritischer Funktion mit absoluten Werten und festgelegten Grenzen vergleichen
