case,seed,end_set,transient_steps,path
D01,[6],D01.1,8,"[[6], [9], [13], [19], [28], [42], [63], [94], [""outside-observation-window""]]"
D01,[7],D01.1,7,"[[7], [10], [15], [22], [33], [49], [73], [""outside-observation-window""]]"
D01,[8],D01.1,7,"[[8], [12], [18], [27], [40], [60], [90], [""outside-observation-window""]]"
D01,[9],D01.1,7,"[[9], [13], [19], [28], [42], [63], [94], [""outside-observation-window""]]"
D01,[10],D01.1,6,"[[10], [15], [22], [33], [49], [73], [""outside-observation-window""]]"
D01,[11],D01.1,6,"[[11], [16], [24], [36], [54], [81], [""outside-observation-window""]]"
D01,[12],D01.1,6,"[[12], [18], [27], [40], [60], [90], [""outside-observation-window""]]"
D01,[0],D01.2,0,[[0]]
D01,[1],D01.2,1,"[[1], [0]]"
D01,[2],D01.2,1,"[[2], [0]]"
D01,[3],D01.2,2,"[[3], [1], [0]]"
D01,[4],D01.3,0,[[4]]
D01,[5],D01.4,0,[[5]]
D02,[0],D02.1,0,[[0]]
D02,[1],D02.1,1,"[[1], [0]]"
D02,[2],D02.1,1,"[[2], [0]]"
D02,[3],D02.1,2,"[[3], [1], [0]]"
D02,[4],D02.1,2,"[[4], [2], [0]]"
D02,[5],D02.1,2,"[[5], [2], [0]]"
D02,[6],D02.1,3,"[[6], [5], [2], [0]]"
D02,[7],D02.1,4,"[[7], [6], [5], [2], [0]]"
D02,[8],D02.1,5,"[[8], [7], [6], [5], [2], [0]]"
D02,[9],D02.1,6,"[[9], [8], [7], [6], [5], [2], [0]]"
D02,[10],D02.1,7,"[[10], [9], [8], [7], [6], [5], [2], [0]]"
D02,[11],D02.1,8,"[[11], [10], [9], [8], [7], [6], [5], [2], [0]]"
D02,[12],D02.1,9,"[[12], [11], [10], [9], [8], [7], [6], [5], [2], [0]]"
D03,[6],D03.1,9,"[[6], [8], [11], [15], [21], [30], [44], [65], [96], [""outside-observation-window""]]"
D03,[7],D03.1,8,"[[7], [9], [12], [17], [24], [35], [51], [75], [""outside-observation-window""]]"
D03,[8],D03.1,8,"[[8], [11], [15], [21], [30], [44], [65], [96], [""outside-observation-window""]]"
D03,[9],D03.1,7,"[[9], [12], [17], [24], [35], [51], [75], [""outside-observation-window""]]"
D03,[10],D03.1,7,"[[10], [14], [20], [29], [42], [62], [92], [""outside-observation-window""]]"
D03,[11],D03.1,7,"[[11], [15], [21], [30], [44], [65], [96], [""outside-observation-window""]]"
D03,[12],D03.1,6,"[[12], [17], [24], [35], [51], [75], [""outside-observation-window""]]"
D03,[0],D03.2,0,[[0]]
D03,[1],D03.2,1,"[[1], [0]]"
D03,[2],D03.2,1,"[[2], [0]]"
D03,[3],D03.2,1,"[[3], [0]]"
D03,[4],D03.2,2,"[[4], [3], [0]]"
D03,[5],D03.2,3,"[[5], [4], [3], [0]]"
D04,[0],D04.1,0,[[0]]
D04,[1],D04.1,1,"[[1], [0]]"
D04,[2],D04.1,1,"[[2], [0]]"
D04,[3],D04.1,2,"[[3], [1], [0]]"
D04,[4],D04.1,2,"[[4], [2], [0]]"
D04,[5],D04.1,3,"[[5], [3], [1], [0]]"
D04,[10],D04.2,0,[[10]]
D04,[11],D04.3,0,[[11]]
D04,[12],D04.4,0,[[12]]
D04,[6],D04.5,0,[[6]]
D04,[7],D04.6,0,[[7]]
D04,[8],D04.7,0,[[8]]
D04,[9],D04.8,0,[[9]]
D05,[0],D05.1,2,"[[0], [1], [2]]"
D05,[1],D05.1,1,"[[1], [2]]"
D05,[2],D05.1,0,[[2]]
D05,[3],D05.1,1,"[[3], [2]]"
D05,[4],D05.1,1,"[[4], [2]]"
D05,[5],D05.1,1,"[[5], [2]]"
D05,[6],D05.1,2,"[[6], [5], [2]]"
D05,[7],D05.1,3,"[[7], [6], [5], [2]]"
D05,[8],D05.1,4,"[[8], [7], [6], [5], [2]]"
D05,[9],D05.1,5,"[[9], [8], [7], [6], [5], [2]]"
D05,[10],D05.1,6,"[[10], [9], [8], [7], [6], [5], [2]]"
D05,[11],D05.1,7,"[[11], [10], [9], [8], [7], [6], [5], [2]]"
D05,[12],D05.1,8,"[[12], [11], [10], [9], [8], [7], [6], [5], [2]]"
D06,"[0, 0, 0, ""boot""]",D06.1,2,"[[0, 0, 0, ""boot""], [2, 0, 0, ""run""], [1, 0, 0, ""run""]]"
D06,"[1, 0, 0, ""boot""]",D06.1,3,"[[1, 0, 0, ""boot""], [3, 0, 0, ""run""], [2, 0, 0, ""run""], [1, 0, 0, ""run""]]"
D06,"[2, 0, 0, ""boot""]",D06.1,4,"[[2, 0, 0, ""boot""], [4, 0, 0, ""run""], [3, 0, 0, ""run""], [2, 0, 0, ""run""], [1, 0, 0, ""run""]]"
D06,"[3, 0, 0, ""boot""]",D06.2,2,"[[3, 0, 0, ""boot""], [5, 0, 0, ""boot""], [6, 0, 0, ""boot""]]"
D06,"[4, 0, 0, ""boot""]",D06.2,1,"[[4, 0, 0, ""boot""], [6, 0, 0, ""boot""]]"
D06,"[5, 0, 0, ""boot""]",D06.2,1,"[[5, 0, 0, ""boot""], [6, 0, 0, ""boot""]]"
D06,"[6, 0, 0, ""boot""]",D06.2,0,"[[6, 0, 0, ""boot""]]"
D07,"[0, 0, 0, ""boot""]",D07.1,2,"[[0, 0, 0, ""boot""], [2, 0, 0, ""run""], [1, 0, 0, ""run""]]"
D07,"[1, 0, 0, ""boot""]",D07.1,3,"[[1, 0, 0, ""boot""], [3, 0, 0, ""run""], [2, 0, 0, ""run""], [1, 0, 0, ""run""]]"
D07,"[2, 0, 0, ""boot""]",D07.1,4,"[[2, 0, 0, ""boot""], [4, 0, 0, ""run""], [3, 0, 0, ""run""], [2, 0, 0, ""run""], [1, 0, 0, ""run""]]"
D07,"[3, 0, 0, ""boot""]",D07.1,8,"[[3, 0, 0, ""boot""], [5, 3, 0, ""boot""], [4, 2, 0, ""boot""], [3, 1, 0, ""boot""], [2, 0, 0, ""boot""], [4, 0, 0, ""run""], [3, 0, 0, ""run""], [2, 0, 0, ""run""], [1, 0, 0, ""run""]]"
D07,"[4, 0, 0, ""boot""]",D07.1,12,"[[4, 0, 0, ""boot""], [6, 3, 0, ""boot""], [5, 2, 0, ""boot""], [4, 1, 0, ""boot""], [3, 0, 0, ""boot""], [5, 3, 0, ""boot""], [4, 2, 0, ""boot""], [3, 1, 0, ""boot""], [2, 0, 0, ""boot""], [4, 0, 0, ""run""], [3, 0, 0, ""run""], [2, 0, 0, ""run""], [1, 0, 0, ""run""]]"
D07,"[5, 0, 0, ""boot""]",D07.1,12,"[[5, 0, 0, ""boot""], [6, 3, 0, ""boot""], [5, 2, 0, ""boot""], [4, 1, 0, ""boot""], [3, 0, 0, ""boot""], [5, 3, 0, ""boot""], [4, 2, 0, ""boot""], [3, 1, 0, ""boot""], [2, 0, 0, ""boot""], [4, 0, 0, ""run""], [3, 0, 0, ""run""], [2, 0, 0, ""run""], [1, 0, 0, ""run""]]"
D07,"[6, 0, 0, ""boot""]",D07.1,12,"[[6, 0, 0, ""boot""], [6, 3, 0, ""boot""], [5, 2, 0, ""boot""], [4, 1, 0, ""boot""], [3, 0, 0, ""boot""], [5, 3, 0, ""boot""], [4, 2, 0, ""boot""], [3, 1, 0, ""boot""], [2, 0, 0, ""boot""], [4, 0, 0, ""run""], [3, 0, 0, ""run""], [2, 0, 0, ""run""], [1, 0, 0, ""run""]]"
D08,"[0, 0, 0, ""boot""]",D08.1,0,"[[0, 0, 0, ""boot""], [2, 3, 0, ""boot""], [1, 2, 0, ""boot""], [0, 1, 0, ""boot""]]"
D08,"[1, 0, 0, ""boot""]",D08.1,4,"[[1, 0, 0, ""boot""], [3, 3, 0, ""boot""], [2, 2, 0, ""boot""], [1, 1, 0, ""boot""], [0, 0, 0, ""boot""], [2, 3, 0, ""boot""], [1, 2, 0, ""boot""], [0, 1, 0, ""boot""]]"
D08,"[2, 0, 0, ""boot""]",D08.1,8,"[[2, 0, 0, ""boot""], [4, 3, 0, ""boot""], [3, 2, 0, ""boot""], [2, 1, 0, ""boot""], [1, 0, 0, ""boot""], [3, 3, 0, ""boot""], [2, 2, 0, ""boot""], [1, 1, 0, ""boot""], [0, 0, 0, ""boot""], [2, 3, 0, ""boot""], [1, 2, 0, ""boot""], [0, 1, 0, ""boot""]]"
D08,"[3, 0, 0, ""boot""]",D08.1,12,"[[3, 0, 0, ""boot""], [5, 3, 0, ""boot""], [4, 2, 0, ""boot""], [3, 1, 0, ""boot""], [2, 0, 0, ""boot""], [4, 3, 0, ""boot""], [3, 2, 0, ""boot""], [2, 1, 0, ""boot""], [1, 0, 0, ""boot""], [3, 3, 0, ""boot""], [2, 2, 0, ""boot""], [1, 1, 0, ""boot""], [0, 0, 0, ""boot""], [2, 3, 0, ""boot""], [1, 2, 0, ""boot""], [0, 1, 0, ""boot""]]"
D08,"[4, 0, 0, ""boot""]",D08.1,16,"[[4, 0, 0, ""boot""], [6, 3, 0, ""boot""], [5, 2, 0, ""boot""], [4, 1, 0, ""boot""], [3, 0, 0, ""boot""], [5, 3, 0, ""boot""], [4, 2, 0, ""boot""], [3, 1, 0, ""boot""], [2, 0, 0, ""boot""], [4, 3, 0, ""boot""], [3, 2, 0, ""boot""], [2, 1, 0, ""boot""], [1, 0, 0, ""boot""], [3, 3, 0, ""boot""], [2, 2, 0, ""boot""], [1, 1, 0, ""boot""], [0, 0, 0, ""boot""], [2, 3, 0, ""boot""], [1, 2, 0, ""boot""], [0, 1, 0, ""boot""]]"
D08,"[5, 0, 0, ""boot""]",D08.1,16,"[[5, 0, 0, ""boot""], [6, 3, 0, ""boot""], [5, 2, 0, ""boot""], [4, 1, 0, ""boot""], [3, 0, 0, ""boot""], [5, 3, 0, ""boot""], [4, 2, 0, ""boot""], [3, 1, 0, ""boot""], [2, 0, 0, ""boot""], [4, 3, 0, ""boot""], [3, 2, 0, ""boot""], [2, 1, 0, ""boot""], [1, 0, 0, ""boot""], [3, 3, 0, ""boot""], [2, 2, 0, ""boot""], [1, 1, 0, ""boot""], [0, 0, 0, ""boot""], [2, 3, 0, ""boot""], [1, 2, 0, ""boot""], [0, 1, 0, ""boot""]]"
D08,"[6, 0, 0, ""boot""]",D08.1,16,"[[6, 0, 0, ""boot""], [6, 3, 0, ""boot""], [5, 2, 0, ""boot""], [4, 1, 0, ""boot""], [3, 0, 0, ""boot""], [5, 3, 0, ""boot""], [4, 2, 0, ""boot""], [3, 1, 0, ""boot""], [2, 0, 0, ""boot""], [4, 3, 0, ""boot""], [3, 2, 0, ""boot""], [2, 1, 0, ""boot""], [1, 0, 0, ""boot""], [3, 3, 0, ""boot""], [2, 2, 0, ""boot""], [1, 1, 0, ""boot""], [0, 0, 0, ""boot""], [2, 3, 0, ""boot""], [1, 2, 0, ""boot""], [0, 1, 0, ""boot""]]"
D09,"[0, 0, 0, ""boot""]",D09.1,11,"[[0, 0, 0, ""boot""], [2, 3, 1, ""boot""], [1, 2, 1, ""boot""], [0, 1, 1, ""boot""], [0, 0, 1, ""boot""], [2, 3, 2, ""boot""], [1, 2, 2, ""boot""], [0, 1, 2, ""boot""], [0, 0, 2, ""boot""], [2, 0, 3, ""quarantine""], [1, 0, 3, ""quarantine""], [0, 0, 3, ""quarantine""]]"
D09,"[1, 0, 0, ""boot""]",D09.1,11,"[[1, 0, 0, ""boot""], [3, 3, 1, ""boot""], [2, 2, 1, ""boot""], [1, 1, 1, ""boot""], [0, 0, 1, ""boot""], [2, 3, 2, ""boot""], [1, 2, 2, ""boot""], [0, 1, 2, ""boot""], [0, 0, 2, ""boot""], [2, 0, 3, ""quarantine""], [1, 0, 3, ""quarantine""], [0, 0, 3, ""quarantine""]]"
D09,"[2, 0, 0, ""boot""]",D09.1,11,"[[2, 0, 0, ""boot""], [4, 3, 1, ""boot""], [3, 2, 1, ""boot""], [2, 1, 1, ""boot""], [1, 0, 1, ""boot""], [3, 3, 2, ""boot""], [2, 2, 2, ""boot""], [1, 1, 2, ""boot""], [0, 0, 2, ""boot""], [2, 0, 3, ""quarantine""], [1, 0, 3, ""quarantine""], [0, 0, 3, ""quarantine""]]"
D09,"[3, 0, 0, ""boot""]",D09.1,12,"[[3, 0, 0, ""boot""], [5, 3, 1, ""boot""], [4, 2, 1, ""boot""], [3, 1, 1, ""boot""], [2, 0, 1, ""boot""], [4, 3, 2, ""boot""], [3, 2, 2, ""boot""], [2, 1, 2, ""boot""], [1, 0, 2, ""boot""], [3, 0, 3, ""quarantine""], [2, 0, 3, ""quarantine""], [1, 0, 3, ""quarantine""], [0, 0, 3, ""quarantine""]]"
D09,"[4, 0, 0, ""boot""]",D09.1,13,"[[4, 0, 0, ""boot""], [6, 3, 1, ""boot""], [5, 2, 1, ""boot""], [4, 1, 1, ""boot""], [3, 0, 1, ""boot""], [5, 3, 2, ""boot""], [4, 2, 2, ""boot""], [3, 1, 2, ""boot""], [2, 0, 2, ""boot""], [4, 0, 3, ""quarantine""], [3, 0, 3, ""quarantine""], [2, 0, 3, ""quarantine""], [1, 0, 3, ""quarantine""], [0, 0, 3, ""quarantine""]]"
D09,"[5, 0, 0, ""boot""]",D09.1,13,"[[5, 0, 0, ""boot""], [6, 3, 1, ""boot""], [5, 2, 1, ""boot""], [4, 1, 1, ""boot""], [3, 0, 1, ""boot""], [5, 3, 2, ""boot""], [4, 2, 2, ""boot""], [3, 1, 2, ""boot""], [2, 0, 2, ""boot""], [4, 0, 3, ""quarantine""], [3, 0, 3, ""quarantine""], [2, 0, 3, ""quarantine""], [1, 0, 3, ""quarantine""], [0, 0, 3, ""quarantine""]]"
D09,"[6, 0, 0, ""boot""]",D09.1,13,"[[6, 0, 0, ""boot""], [6, 3, 1, ""boot""], [5, 2, 1, ""boot""], [4, 1, 1, ""boot""], [3, 0, 1, ""boot""], [5, 3, 2, ""boot""], [4, 2, 2, ""boot""], [3, 1, 2, ""boot""], [2, 0, 2, ""boot""], [4, 0, 3, ""quarantine""], [3, 0, 3, ""quarantine""], [2, 0, 3, ""quarantine""], [1, 0, 3, ""quarantine""], [0, 0, 3, ""quarantine""]]"
D10,"[0, 0]",D10.1,3,"[[0, 0], [3, 0], [6, 0], [0, -1]]"
D10,"[1, 0]",D10.1,2,"[[1, 0], [4, 0], [0, -1]]"
D10,"[2, 0]",D10.1,2,"[[2, 0], [5, 0], [0, -1]]"
D10,"[3, 0]",D10.1,2,"[[3, 0], [6, 0], [0, -1]]"
D10,"[4, 0]",D10.1,1,"[[4, 0], [0, -1]]"
D10,"[5, 0]",D10.1,1,"[[5, 0], [0, -1]]"
D10,"[6, 0]",D10.1,1,"[[6, 0], [0, -1]]"
D11,"[0, 0]",D11.1,0,"[[0, 0], [3, 0], [6, 0], [0, 3], [0, 2], [0, 1]]"
D11,"[1, 0]",D11.1,2,"[[1, 0], [4, 0], [0, 3], [0, 2], [0, 1], [0, 0], [3, 0], [6, 0]]"
D11,"[2, 0]",D11.1,2,"[[2, 0], [5, 0], [0, 3], [0, 2], [0, 1], [0, 0], [3, 0], [6, 0]]"
D11,"[3, 0]",D11.1,0,"[[3, 0], [6, 0], [0, 3], [0, 2], [0, 1], [0, 0]]"
D11,"[4, 0]",D11.1,1,"[[4, 0], [0, 3], [0, 2], [0, 1], [0, 0], [3, 0], [6, 0]]"
D11,"[5, 0]",D11.1,1,"[[5, 0], [0, 3], [0, 2], [0, 1], [0, 0], [3, 0], [6, 0]]"
D11,"[6, 0]",D11.1,0,"[[6, 0], [0, 3], [0, 2], [0, 1], [0, 0], [3, 0]]"
D12,"[0, 0]",D12.1,0,"[[0, 0]]"
D12,"[1, 0]",D12.1,1,"[[1, 0], [0, 0]]"
D12,"[2, 0]",D12.1,1,"[[2, 0], [0, 0]]"
D12,"[3, 0]",D12.1,1,"[[3, 0], [0, 0]]"
D12,"[4, 0]",D12.1,1,"[[4, 0], [0, 0]]"
D12,"[5, 0]",D12.1,1,"[[5, 0], [0, 0]]"
D12,"[6, 0]",D12.1,1,"[[6, 0], [0, 0]]"
D13,"[0, 0]",D13.1,1,"[[0, 0], [1, 0]]"
D13,"[1, 0]",D13.1,0,"[[1, 0]]"
D13,"[2, 0]",D13.1,1,"[[2, 0], [1, 0]]"
D13,"[3, 0]",D13.1,1,"[[3, 0], [1, 0]]"
D13,"[4, 0]",D13.1,1,"[[4, 0], [1, 0]]"
D13,"[5, 0]",D13.1,1,"[[5, 0], [1, 0]]"
D13,"[6, 0]",D13.1,1,"[[6, 0], [1, 0]]"
D14,"[0, true, ""review""]",D14.1,4,"[[0, true, ""review""], [1, true, ""review""], [2, true, ""review""], [3, true, ""accepted""], [4, true, ""accepted""]]"
D14,"[1, true, ""review""]",D14.1,3,"[[1, true, ""review""], [2, true, ""review""], [3, true, ""accepted""], [4, true, ""accepted""]]"
D14,"[2, true, ""review""]",D14.1,2,"[[2, true, ""review""], [3, true, ""accepted""], [4, true, ""accepted""]]"
D14,"[3, true, ""review""]",D14.1,1,"[[3, true, ""review""], [4, true, ""accepted""]]"
D14,"[4, true, ""review""]",D14.1,1,"[[4, true, ""review""], [4, true, ""accepted""]]"
D15,"[0, true, ""review""]",D15.1,1,"[[0, true, ""review""], [0, true, ""held""]]"
D15,"[1, true, ""review""]",D15.1,1,"[[1, true, ""review""], [0, true, ""held""]]"
D15,"[2, true, ""review""]",D15.1,1,"[[2, true, ""review""], [0, true, ""held""]]"
D15,"[3, true, ""review""]",D15.1,1,"[[3, true, ""review""], [0, true, ""held""]]"
D15,"[4, true, ""review""]",D15.1,1,"[[4, true, ""review""], [0, true, ""held""]]"
D16,"[0, true, ""review""]",D16.1,5,"[[0, true, ""review""], [0, false, ""review""], [1, false, ""review""], [2, false, ""review""], [3, false, ""accepted""], [4, false, ""accepted""]]"
D16,"[1, true, ""review""]",D16.1,5,"[[1, true, ""review""], [0, false, ""review""], [1, false, ""review""], [2, false, ""review""], [3, false, ""accepted""], [4, false, ""accepted""]]"
D16,"[2, true, ""review""]",D16.1,5,"[[2, true, ""review""], [0, false, ""review""], [1, false, ""review""], [2, false, ""review""], [3, false, ""accepted""], [4, false, ""accepted""]]"
D16,"[3, true, ""review""]",D16.1,5,"[[3, true, ""review""], [0, false, ""review""], [1, false, ""review""], [2, false, ""review""], [3, false, ""accepted""], [4, false, ""accepted""]]"
D16,"[4, true, ""review""]",D16.1,5,"[[4, true, ""review""], [0, false, ""review""], [1, false, ""review""], [2, false, ""review""], [3, false, ""accepted""], [4, false, ""accepted""]]"
D17,"[0, 0]",D17.1,1,"[[0, 0], [0, 1], [1, 0]]"
D17,"[0, 1]",D17.1,0,"[[0, 1], [1, 0]]"
D17,"[1, 0]",D17.1,0,"[[1, 0], [0, 1]]"
D17,"[1, 1]",D17.1,1,"[[1, 1], [1, 0], [0, 1]]"
D18,"[0, 0]",D18.1,0,"[[0, 0], [0, 1]]"
D18,"[0, 1]",D18.1,0,"[[0, 1], [0, 0]]"
D18,"[1, 0]",D18.1,1,"[[1, 0], [0, 1], [0, 0]]"
D18,"[1, 1]",D18.1,2,"[[1, 1], [1, 0], [0, 1], [0, 0]]"
D19,"[""intent"", 0, 0]",D19.1,4,"[[""intent"", 0, 0], [""unknown"", 1, 0], [""unknown"", 1, 1], [""unknown"", 1, 2], [""unknown"", 1, 3]]"
D20,"[""intent"", 0, 0]",D20.1,2,"[[""intent"", 0, 0], [""unknown"", 1, 0], [""damage"", 2, 0]]"
D21,"[""intent"", 0, 0]",D21.1,5,"[[""intent"", 0, 0], [""unknown"", 1, 0], [""unknown"", 1, 1], [""unknown"", 1, 2], [""unknown"", 1, 3], [""confirmed"", 1, 3]]"
D22,"[""intent"", 0, 0]",D22.1,4,"[[""intent"", 0, 0], [""unknown"", 1, 0], [""unknown"", 1, 1], [""unknown"", 1, 2], [""unknown"", 1, 3]]"
D23,"[""intent"", 0, 0]",D23.1,2,"[[""intent"", 0, 0], [""unknown"", 1, 0], [""damage"", 2, 0]]"
D24,"[""intent"", 1, 0]",D24.1,1,"[[""intent"", 1, 0], [""damage"", 2, 0]]"
D25,"[""intent"", 1, 0]",D25.1,1,"[[""intent"", 1, 0], [""quarantine"", 1, 0]]"
D26,[0],D26.1,0,[[0]]
D26,[1],D26.1,1,"[[1], [0]]"
D26,[2],D26.1,1,"[[2], [0]]"
D26,[3],D26.1,1,"[[3], [0]]"
D26,[4],D26.1,2,"[[4], [1], [0]]"
D26,[5],D26.1,2,"[[5], [2], [0]]"
D26,[6],D26.1,3,"[[6], [5], [2], [0]]"
D26,[7],D26.1,4,"[[7], [6], [5], [2], [0]]"
D26,[8],D26.1,5,"[[8], [7], [6], [5], [2], [0]]"
D26,[9],D26.1,6,"[[9], [8], [7], [6], [5], [2], [0]]"
D26,[10],D26.1,7,"[[10], [9], [8], [7], [6], [5], [2], [0]]"
D26,[11],D26.1,8,"[[11], [10], [9], [8], [7], [6], [5], [2], [0]]"
D26,[12],D26.1,9,"[[12], [11], [10], [9], [8], [7], [6], [5], [2], [0]]"
