candidate,regime,relation,represented_behavior,missing_preservation_variables,discriminating_test,preservation_status
N01,G01,executed-model-behavior,A scalar backlog can remain bounded,Task identity fairness bytes durability and usable completion are absent,Track old and new job identities under FIFO and adversarial service,not-observed-preservation
N01,G02,executed-model-behavior,A scalar backlog can remain bounded,Task identity fairness bytes durability and usable completion are absent,Track old and new job identities under FIFO and adversarial service,not-observed-preservation
N02,G03,hazard-motivation,Backlog drains under changed intake parameters,No separate real control path or safe treatment of in-flight effects is represented,Remove fresh arrivals and retries independently while preserving operation identities,not-observed-preservation
N02,G04,hazard-motivation,Backlog drains under changed intake parameters,No separate real control path or safe treatment of in-flight effects is represented,Remove fresh arrivals and retries independently while preserving operation identities,not-observed-preservation
N02,G01,executed-model-behavior,Backlog drains under changed intake parameters,No separate real control path or safe treatment of in-flight effects is represented,Remove fresh arrivals and retries independently while preserving operation identities,not-observed-preservation
N03,G03,hazard-motivation,Retries contribute to the scalar incoming-work law,No cross-layer attempt owner durable budget or opaque SDK is represented,Inventory and count every actual attempt producer,not-observed-preservation
N03,G19,proposed-intervention,Retries contribute to the scalar incoming-work law,No cross-layer attempt owner durable budget or opaque SDK is represented,Inventory and count every actual attempt producer,not-observed-preservation
N04,G05,hazard-motivation,The phase reaches run with the chosen heat and cooling rules,Real resource isolation descendants and viable cold-start service are unmeasured,Vary saturation cooling and real startup resource boundaries in an isolated fixture,not-observed-preservation
N04,G06,executed-model-behavior,The phase reaches run with the chosen heat and cooling rules,Real resource isolation descendants and viable cold-start service are unmeasured,Vary saturation cooling and real startup resource boundaries in an isolated fixture,not-observed-preservation
N05,G07,hazard-motivation,Finite attempts can end in a quarantine phase,Diagnostic evidence is not captured or retained by the toy state,Verify no hidden restart path and read retained diagnostics without the integration,not-observed-preservation
N05,G08,proposed-intervention,Finite attempts can end in a quarantine phase,Diagnostic evidence is not captured or retained by the toy state,Verify no hidden restart path and read retained diagnostics without the integration,not-observed-preservation
N06,G12,unmodelled-prerequisite,The old scalar alarm model can retain a count of one,Mute and grouping discard represented backlog and no durable incident identity exists,Model distinct incidents with explicit retained acknowledged merged and lost dispositions,not-observed-preservation
N07,G09,hazard-motivation,Grouping limits a disposable notification counter,Safe grouping of distinct incidents and actual delivery are unmodelled,Distinguish notification suppression from retained unresolved incidents,not-observed-preservation
N07,G10,hazard-motivation,Grouping limits a disposable notification counter,Safe grouping of distinct incidents and actual delivery are unmodelled,Distinguish notification suppression from retained unresolved incidents,not-observed-preservation
N07,G11,proposed-intervention,Grouping limits a disposable notification counter,Safe grouping of distinct incidents and actual delivery are unmodelled,Distinguish notification suppression from retained unresolved incidents,not-observed-preservation
N08,G09,hazard-motivation,A timer reopens notification production,Ownership independent enforcement and actionable re-entry are unmodelled,Withdraw the incident burst then test expiry and recurrence with retained backlog,not-observed-preservation
N08,G10,hazard-motivation,A timer reopens notification production,Ownership independent enforcement and actionable re-entry are unmodelled,Withdraw the incident burst then test expiry and recurrence with retained backlog,not-observed-preservation
N08,G11,proposed-intervention,A timer reopens notification production,Ownership independent enforcement and actionable re-entry are unmodelled,Withdraw the incident burst then test expiry and recurrence with retained backlog,not-observed-preservation
N09,G13,hazard-motivation,A stipulated check places an artifact truth bit in held phase,Actual content contradiction evidence legal retention and durable access are absent,Verify retained artifact bytes and independently justified rejection evidence,not-observed-preservation
N09,G14,executed-model-behavior,A stipulated check places an artifact truth bit in held phase,Actual content contradiction evidence legal retention and durable access are absent,Verify retained artifact bytes and independently justified rejection evidence,not-observed-preservation
N10,G13,hazard-motivation,A perfect oracle directly changes the model truth bit,Availability adequacy and independence of a real oracle are not established,Use independent domain evidence and stop-on-acceptance countermodels,not-observed-preservation
N10,G15,unmodelled-prerequisite,A perfect oracle directly changes the model truth bit,Availability adequacy and independence of a real oracle are not established,Use independent domain evidence and stop-on-acceptance countermodels,not-observed-preservation
N11,G16,hazard-motivation,The participant accepts only the configured writer in the model,Real acceptance-boundary enforcement is supplied as an assumption,Verify actual participant rejection and competing-writer semantics,not-observed-preservation
N11,G17,stipulated-prerequisite,The participant accepts only the configured writer in the model,Real acceptance-boundary enforcement is supplied as an assumption,Verify actual participant rejection and competing-writer semantics,not-observed-preservation
N12,G18,proposed-intervention,Sender uncertainty and eventual response are represented abstractly,No durable journal or independent receipt inventory is modelled,Compare indistinguishable accepted and unaccepted histories and remove evidence sources,not-observed-preservation
N12,G21,proposed-intervention,Sender uncertainty and eventual response are represented abstractly,No durable journal or independent receipt inventory is modelled,Compare indistinguishable accepted and unaccepted histories and remove evidence sources,not-observed-preservation
N13,G19,stipulated-prerequisite,Repeated model requests keep effect count at one when memory is assumed retained,Memory retention business identity and participant conformance are not established,Expire participant history and vary business-equivalent operation keys,not-observed-preservation
N13,G20,hazard-motivation,Repeated model requests keep effect count at one when memory is assumed retained,Memory retention business identity and participant conformance are not established,Expire participant history and vary business-equivalent operation keys,not-observed-preservation
N14,G20,hazard-motivation,A recognized restore flag can prevent the next dispatch,Historical work-package content persistence and recognition of arbitrary copied snapshots are absent,Restore missing-tail snapshots and test independent current evidence before dispatch,not-observed-preservation
N14,G22,executed-model-behavior,A recognized restore flag can prevent the next dispatch,Historical work-package content persistence and recognition of arbitrary copied snapshots are absent,Restore missing-tail snapshots and test independent current evidence before dispatch,not-observed-preservation
