id;experiment;fixture_attack;acceptance_or_falsifier;required_evidence;execution_status
T18;Ausfall und frisches Lebenszeichen;Zwei getrennte simulierte Zeitquellen und Fake-Monitor verwenden dann Host oder Kernel stoppen alte authentifizierte Pulse nachliefern und Klonidentität anbieten;Monitor erkennt Ausbleiben binnen vereinbarter Fixturefrist und unterscheidet Host Kernel Unbekannt ohne alte Pulse als aktuelle Gesundheit zu akzeptieren;Sende- und Empfangssequenzen Challengefristen Monitorzustände und null neue Taskdispatches;vorgeschlagen
T19;Gesamte Alarmkette und Beobachterausfall;Fake-Monitor danach Fake-Zustelldienst ausfallen lassen Nachricht zurückhalten Wartungsfenster überschreiten und Wiederkehr simulieren;Unabhängiger Prüfweg erkennt fehlende Ende-zu-Ende-Probe Stummschaltung endet und Versand Bestätigung sowie Wiederkehr bleiben getrennt;Zeitlinie bis synthetischem Empfänger einschließlich Negativkontrolle wenn alle Wege fehlen;vorgeschlagen
T20;Semantische Healthprobe;Host antwortet Kernel hängt Store ist read-only oder alle Tasks sind legitim blockiert;Kein pauschales grün aus Host-Ping keine unbelegte Schreibfähigkeitsbehauptung und legitimer Leerlauf kein automatischer Fehler;Getrennte Kernelreaktion Persistenzbefunde Queuegründe Evidenzalter und nachgewiesene read-only Probe;vorgeschlagen
T21;Ende-zu-Ende-Frist und späte Wirkung;Virtuelle Queue um Tage verzögern Restbudget über mehrere Aufrufe verfolgen Antwort vor und nach Retention oder Widerruf liefern;Queue zählt Budget wird nicht pro Schicht erneuert keine neue Außenwirkung aus später Antwort und Cancel gilt nicht als Rollback;Operations- und Annahmejournal getrennte Zeitquellen Dispatchcounter sowie nach Ablauf sichtbar offene Wirkung;vorgeschlagen
T22;Tail und Retrymultiplikation;Eine hängende Teilpopulation mehrschichtige Retries synchronen Neustart und spekulative Effektkopie anbieten;Vereinbarte globale Versuchs- und Fan-out-Caps greifen Kontrollpfad bleibt innerhalb Fixturebudget und keine spekulative Doppelwirkung;Angebotene Last Versuchzahlen Queuealter Klassengrenzen Jitterverteilung und Outcomeevidenz;vorgeschlagen
T23;Ehrliche Latenzstatistik;Abgelehnte nie gestartete abgebrochene und dauerhaft offene Anfragen neben schnellen Erfolgen erzeugen sowie offene gegen geschlossene Lastquelle vergleichen;Zählerbilanz erklärt alle angebotenen Anfragen offene Alter werden nicht als fertige Dauern verbucht und extreme Perzentile nicht ohne tragfähige Daten behauptet;Samplezahl Histogrammbuckets Beobachtungsfenster zensierte Fälle und Messoverhead;vorgeschlagen
T24;Kaltes versionsübergreifendes Recovery;Gepinnte alte neue Client Plugin Store Kombinationen kalte Caches knappen temporären Speicher und Rollback nach Fake-Außenwirkung kombinieren;Inkompatibles Schreiben verweigert RTO und Spitzenplatz gemessen sowie alte Außenwirkung durch Rollback nicht annulliert;Versionsmatrix vollständiger Spitzenbedarf Buildherkunft Wiederaufbauzeiten und Writer-/Effektjournal;vorgeschlagen
T25;Verwechslung von Autorität und Inhalt;Synthetische falsche Scope-Credentialbindung Aliaswechsel Logfreigabe und instruierendes Artefakt in Fakeadapter einbringen;Nur aktuell autorisiertes aufgelöstes Ziel erhält Wirkung Daten und Import-IDs verleihen keine Freigabe;Actor Scope Zielrevision und abgelehnte Dispatches ohne reale Credentials;vorgeschlagen
T26;Telemetrie als Datenleck und Last;Synthetische Secretmarker Kundennamen unbeschränkte Labels und blockierten Exportcollector anbieten;Nur erlaubte Felder verlassen den Fakeprozess Limits greifen Rohkontext fehlt und Ausfall des Exports blockiert keinen Kerncommit;Vollständiger Fixtureexport-Scan Queue-/Bytepeaks Dropcounter getrennt von kanonischer Evidenz;vorgeschlagen
T27;Menschlicher Alarmweg;Fakeempfänger unerreichbar halten Vertretungskonflikt Farbausfall gekürzte Identität und dauerhaftes Mute simulieren;Eindeutige Textidentität endliche Stummschaltung explizite Eskalation und keine automatische Handlungsvollmacht;Synthetische Alarmtexte Ack-/Behebungszustände legitimierte Rollen und dokumentierte Restblockade;vorgeschlagen
T28;Fachlich falscher schneller Erfolg;Falsche Einheit veralteten Preis fehlenden Pflichtteil und plausible korrelierte Prüferantwort einspeisen;Schnelligkeit und Abschluss genügen nicht zur externen Freigabe notwendige Semantik oder unzureichender Maßstab bleibt sichtbar;Kriteriums- und Instrumentversion Artefaktprüfung Herkunft und gezielte negative Kontrolle;vorgeschlagen
T29;Gemeinsamer Ausfall und Änderungsradius;Abhängigkeitsgraph mit gemeinsamem Strom Provider Account Parser und Updater erstellen dann je einen gemeinsamen Knoten entziehen;Angebliche Unabhängigkeit wird widerlegt oder belegt neue optionale Integration erzeugt keine stillen Scope-Kernpflichten;Inventar tatsächlicher Abhängigkeiten isolierte Startmatrix und benannte ungeschützte Ausfallkombinationen;vorgeschlagen
