id;name;surviving_structure;minimum_service;strengthening;limit;cost;home
R01;Evidenzgebundene Belegung;Task-Journal und letzte Session-Zuordnung mit weiterhin exklusivem Workspace;Ungewissheit lesbar halten ohne fremde Session zu adoptieren;C01 C02;Keine Fortsetzung ohne hinreichende Evidenz und kein Schutz gegen direkt am OS vorbeischreibende Agents;Längere Blockaden und manuelle Endevidenz;Kernel-Recovery plus Runtime-Vertrag
R02;Durable Effektabsicht;Task Zustellversuch Operation und unbekannter Outcome bleiben korrelierbar;Nicht blind wiederholen und bewusst fortsetzen können;C03 C04 C34;At-most-once Prompt ist nicht Exactly-once Geschäftswirkung und Teilnehmer können irreversibel sein;Journale Rekonziliation und menschliche Auflösung;Kernel-Task und Saga
R03;Eindeutige Mutationsautorität;Ein lokal ausgewiesener Writer besitzt eine Instanzinkarnation;Konkurrierende Annahmen sichtbar verweigern;C05 C06;Lokaler Lock schützt nicht vor zweiter Maschine oder Same-User-Bypass;Kein automatisches Active-active und Cutover-Aufwand;Kernel-Bootstrap und Effektparticipant
R04;Replaybare Bedeutung;Kanonische Fakten und erforderliche Inhalte existieren unabhängig von Projektionen;Geschichte rekonstruieren oder exakten nicht rekonstruierbaren Rand benennen;C07 C08;Fehlende historische Fakten lassen sich nicht nachträglich erfinden;Versionierte Reducer Referenzretention und Migrationstests;Kernel-Store
R05;Portables Arbeitspaket;Intention Empfänger Inputrevision und Ergebnis bleiben ohne Terminal verständlich;Andere berechtigte Ausführung kann nach expliziter Entscheidung übernehmen;C09 C10;Keine Garantie gleicher Modellkompetenz und historische Policy gewährt keine heutige Erlaubnis;Snapshot-/Referenzverwaltung und Neubewertung;Kernel-Task und Context-Vertrag
R06;Lokalisierter Integrationsausfall;Andere Scope-Aktivierungen und Kernzustand bestehen ohne defektes Plugin weiter;Betroffene Integration quarantänisieren statt globalem Neustart;C11 C12;Prozesse teilen weiterhin OS CPU Speicher und ggf. Provider;Supervisor Limits und Konformitätstests;Plugin-Host
R07;Begrenzte produktive Kapazität;Kontrollierter Teil der Arbeit bleibt innerhalb benannter Budgets ausführbar;Aufnahme zurückweisen und andere Scopes fair bedienen;C13 C14;Kein unbegrenzter Durchsatz und keine garantierte Deadline bei physischer Erschöpfung;Bewusste Wartezeit und Kapazitätsplanung;Kernel-Admission und Host
R08;Minimaler Kontrollbetrieb;Lokale lesbare Diagnose und explizite Mutationssperre ohne optionale Integration;Operator sieht Zustand und nächsten sicheren Schritt;C15 C16;Defektes Betriebssystem oder unlesbarer Datenträger benötigen externe Recovery;Separater getesteter Bootstrap ohne zweiten Mutator;Bundled IPC und read-only Doctor
R09;Begrenzte Handlungsbefugnis;Intention Freigabe und tatsächliche Effektannahme sind getrennte Fakten;Ohne gültige Freigabe keine neue externe Aktion;C17 C18;Bereits angenommener Effekt kann nach Widerruf nicht zurückgeholt werden;Striktere Bindung und mehr Rückfragen;Kernel-Authorization und Effekt-Gateway
R10;Endliche menschliche Steuerung;Priorisierte Entscheidungen samt Kontext stehen einer benannten Person zur Verfügung;Sicher warten und nachvollziehbar übergeben ohne automatische Zustimmung;C19 C20;Nicht vorhandene oder kompromittierte menschliche Autorität ist nicht algorithmisch ersetzbar;Vertretungsplanung und bewusster Betriebsstopp;Operator-Prozess mit Kernel-Projektion
R11;Wiederaufbaubare Installation;Unabhängige Kopien plus separat erschließbare Schlüssel und lesbare Formate;Ohne Originalgerät die belegbare Arbeit wieder sichtbar machen;C21 C22;Verlust aller Kopien und Schlüssel bleibt Verlust und RPO ist nie implizit null;Backupmedium Restore-Drills und Schlüsselverantwortung;Recovery-Plugin und Operator
R12;Begrenzte Datenhaftung;Nicht sensible Metadaten bleiben während sensible Inhalte gesondert kontrolliert werden;Vorfall eingrenzen und erhaltene Evidenz ehrlich benennen;C23 C24 C36;Exfiltration ist irreversibel und Löschung kann vollständigen Replay unmöglich machen;Klassifikation Retention und Konfliktentscheidung;Content-/Secret-Plugin plus Kernel-Referenzen
R13;Explizite Zeitbedeutung;Durable Occurrences und Fristen sind von beobachteter Wallclock getrennt;Nachholen auslassen oder verwerfen gemäß festgelegter Regel;C25 C26;Keine globale Uhrwahrheit und fachliche Aktualität braucht Domäneninput;Zeitmodell und Boundary-Fixtures;Kernel-Schedule und Task-Preconditions
R14;Prüfbare Ergebnisqualität;Worker-Aussage Artefakt und unabhängiges Urteil bleiben unterscheidbar;Ungeprüfte Arbeit nicht als extern freigegeben behandeln;C27 C28 C35;Gemeinsame Blindstellen und unbekannte Fachanforderungen bleiben möglich;Verifikationsarbeit und instrumentenspezifische Evidenz;Task-Verifikation und Operator
R15;Ehrliche Einsatzgrenze;Vertrauenswürdiger lokaler Betrieb bleibt als enges Produktversprechen erhalten;Nicht unterstützte feindliche Betriebsarten vor Aufnahme ablehnen;C29 C30 C33;Kein Residual vertraulicher Daten nach erfolgreicher OS-Kompromittierung versprochen;Entgangene Anwendungsfälle oder eigenes Isolationsprojekt;Produktvertrag und Deployment
R16;Wartbare Weiterentwicklung;Versionierter Vertrag importierbare Geschichte und lesbare Exportpfade überleben Maintainerwechsel;Installationen bewusst migrieren oder stilllegen;C31 C32;Software kann organisatorischen Fortbestand nicht sichern;Kompatibilitätskorpus Herkunftsnachweise und Pflegebudget;Repository Release und Migration
