id;perspective;stressor;broken_assumption;surviving_capability;required_controls;response_mode;remaining_limit
S001;P01;Netzstrom fällt während Commit und Prompt-Übergabe aus;Strom reicht bis zur Bestätigung;Letzter dauerhafter Versuch bleibt prüfbar;C03 C01;halten;Nicht bestätigter Effekt braucht Rekonziliation
S002;P01;Akku bläht sich auf und Gerät muss sofort außer Betrieb;Originalhardware bleibt verfügbar;Arbeit aus unabhängigem Recovery-Set lesbar;C21 C08;halten;Stillstand bis Ersatzhardware verfügbar
S003;P01;Thermal Throttling macht alle Deadline-Schätzungen falsch;Rechenkapazität ist konstant;Begrenzte Teilmenge und Kontrollpfad bleiben bedienbar;C13 C14 C26;degradiert;Keine garantierte ursprüngliche Lieferzeit
S004;P01;RAM-Fehler korrumpiert ein Ergebnis ohne Prozesscrash;Lebender Prozess liefert unbeschädigte Bedeutung;Artefakt und unabhängige Prüfung bleiben getrennt;C27 C08;halten;Gemeinsame Korruption kann beide Prüfungen treffen
S005;P01;Einbruch entwendet den entsperrten einzigen Mac;Physische Kontrolle ist dauerhaft;Unabhängige Kopien erlauben späteren Wiederaufbau;C21 C18 C29;verlust;Bereits zugängliche Daten gelten möglicherweise als kompromittiert
S006;P01;Brand vernichtet Gerät und daneben gelagerte Backupplatte;Zwei Datenträger sind zwei Ausfalldomänen;Nur räumlich unabhängiges Recovery-Set überlebt;C21 C22;verlust;Alles seit letzter unabhängiger Kopie kann fehlen
S007;P01;Externe SSD trennt sich bei Scope-Kanonisierung;Ein Pfad bleibt während eines Übergangs derselbe;Task bleibt wartend statt an Ersatzpfad gestartet;C01 C10;halten;Filesystem-TOCTOU muss separat getestet werden
S008;P01;macOS startet mitten in einer Freigabe ungefragt neu;Menschlicher Klick und Wirkung bilden eine atomare Einheit;Commitgrenze und Freigabeevidenz bleiben nachvollziehbar;C03 C04 C18;halten;Nicht committete menschliche Intention ist nicht beweisbar
S009;P01;Hardware ersetzt Apple Silicon durch inkompatible Plattform;Runtime ist portabel weil Tasks portabel sind;Arbeitspaket bleibt exportierbar ohne lokalen Executor;C09 C32;halten;Neuer Plattformadapter kann ein eigenes Projekt benötigen
S010;P01;Wohnort verliert eine Woche Strom und Internet;Lokal bedeutet stets verfügbar;Unabhängig rekonstruierbare Aufträge warten;C21 C19 C26;halten;Geschäftsfristen können trotzdem verstreichen
S011;P02;SSD ist vor dem Intent-Commit voll;Audit kann immer noch geschrieben werden;Keine neue Wirkung ohne durable Absicht;C03 C14;halten;Diagnose benötigt reservierte Ressourcen
S012;P02;Bitrot beschädigt einen alten kanonischen Event;Append-only bedeutet unveränderlich korrekte Bytes;Integritätsfehler wird an konkreter Position sichtbar;C07 C08 C21;halten;Kein Überspringen mit vorgetäuschtem vollständigem Replay
S013;P02;Projektionsmigration endet nach halber Tabellenänderung;Schemaänderung ist automatisch wiederanlaufbar;Transaktion und bekannte Schemaidentität begrenzen Schaden;C07 C31;halten;Migrationsatomizität muss real nachgewiesen werden
S014;P02;WAL-Datei wird beim Dateikopieren vergessen;Eine kopierte sqlite-Datei ist ein konsistentes Backup;Geprüfter konsistenter Snapshot bleibt Wiederaufbauquelle;C21 C08;verlust;Fehlende committed WAL-Fakten sind nicht herleitbar
S015;P02;Restore stellt eine Woche alte Tasks ohne spätere Versuche her;Kein Journalversuch bedeutet nie ausgeführt;Snapshot bleibt historische Evidenz mit Dispatch-Sperre;C02 C03 C18;halten;Teilnehmer ohne Abfrage erfordern menschliche Auflösung
S016;P02;Referenziertes Artefakt wurde manuell gelöscht;Ein Content-Hash ersetzt den Inhalt;Fehlende Evidenz wird explizit markiert;C08 C21;verlust;Ohne unabhängige Kopie bleibt Inhalt verloren
S017;P02;Backup-Key ist verloren obwohl alle Backups intakt sind;Vorhandene verschlüsselte Bytes sind wiederherstellbare Daten;Nur separat erschließbare Schlüssel erlauben Recovery;C22 C21;verlust;Ohne Schlüssel kein Versprechen auf Rekonstruktion
S018;P02;Reduktor liest heutige Registry beim historischen Replay;Determinismus folgt aus gleicher Eventreihenfolge allein;Versionierte gespeicherte Inputs erlauben pure Rekonstruktion;C07 C09;halten;Alte nicht aufgezeichnete Inputs brauchen Importgrenze
S019;P02;Schema enthält neueren Payload-Typ als installiertes Binary;Jede bekannte Datei kann jedes Binary lesen;Read-only Diagnose nennt genaue Inkompatibilität;C07 C16 C32;halten;Kein automatischer Downgrade oder stilles Überspringen
S020;P02;Backup-Retention löscht die einzige Kopie benötigter Inhalte;Alte Daten sind nach Alter allein entbehrlich;Referenzinventar zeigt notwendige Recovery-Menge;C08 C24 C21;halten;Retention und vollständiger Replay können unvereinbar sein
S021;P03;Sommerzeit wiederholt dieselbe lokale Cron-Minute;Lokales Minutenlabel ist eindeutige Occurrence;Explizit gewählte DST-Semantik erhält Triggeridentität;C25;degradiert;Ein- oder zweimalige Ausführung muss fachlich entschieden sein
S022;P03;Sommerzeit überspringt geplanten Zeitpunkt;Jede lokale Uhrzeit existiert;Auslassen oder Nachholen ist sichtbar spezifiziert;C25 C26;degradiert;Kein implizites Nachholen irreversibler Aktionen
S023;P03;NTP setzt Uhr zwölf Stunden zurück;Wallclock ist monoton;Lokale Timeouts laufen monoton und Schedule-Zeit bleibt gesondert;C25 C26;degradiert;Externe Zeitangaben können weiter unzuverlässig sein
S024;P03;Laptop erwacht nach sechs Wochen mit tausenden fälligen Runs;Nachholen ist immer erwünscht;Begrenzte Catch-up-Queue bleibt inspizierbar;C25 C13;degradiert;Verfallene Arbeit darf nicht ungeprüft ausgeführt werden
S025;P03;Zeitzonenregeln ändern sich nach Schedule-Erstellung;IANA-Zone hat unveränderliche historische und künftige Bedeutung;Regelrevision und Occurrence-Entscheidung bleiben nachvollziehbar;C25 C09;halten;Betroffene künftige Termine brauchen Review
S026;P03;Zwei Teilnehmer bestätigen Wirkungen mit widersprüchlichen Uhrzeiten;Zeitstempel liefern globale Kausalordnung;Operation- und Kausalidentitäten bleiben ordnende Evidenz;C03 C07 C26;degradiert;Keine erfundene globale Echtzeitordnung
S027;P03;Freigabe läuft während langem Plugin-Start ab;Gültigkeit bei Queueing reicht bis Dispatch;Aktuelle Freigabeprecondition stoppt neue Wirkung;C18 C26;halten;Bereits angenommene Wirkung bleibt möglich
S028;P03;Ein Task verarbeitet einen inzwischen abgelaufenen Preis;Gepinnte Inputs sind auch heute fachlich gültig;Alte Intention bleibt sichtbar und wird neu bewertet;C09 C10 C26;halten;Fachliche Gültigkeitsregel muss vom Domänenverantwortlichen kommen
S029;P03;Maschine geht während monotonic-basierter Frist in Sleep;Monotone Uhr misst überall denselben Sleep-Anteil;Zeitquellenvertrag macht Fristinterpretation explizit;C26 C25;halten;OS-spezifische Uhrsemantik braucht Tests
S030;P03;Cron-Plugin feuert denselben Trigger nach jedem Neustart erneut;Ein Transportaufruf entspricht einem neuen Termin;Durable Occurrence-Deduplikation verhindert neue Runidentität;C25 C03;degradiert;Deduplikation muss denselben fachlichen Trigger erkennen
S031;P04;Herdr ist unerreichbar während der Harness weiter Dateien schreibt;Nicht beobachtbar heißt beendet;Lease schützt den möglicherweise belegten Workspace;C01 C15;halten;Freigabe braucht Endevidenz statt Timeout
S032;P04;Pane-ID wird nach Neustart einer anderen Session gegeben;Paneadresse ist dauerhafte Identität;Unbekannte Zuordnung bleibt blockiert;C01 C02;halten;Ohne stabile Korrelation keine automatische Adoption
S033;P04;Transcript-Dateiname verliert die erwartete UUID;Parserfehler darf als Identitätsmatch gelten;Arbeitsauftrag bleibt ohne Session-Zuordnung lesbar;C01 C09;halten;Adapter braucht alternative belastbare Identität
S034;P04;Hook fehlt aber Screen-Parser meldet idle;Heuristische und autoritative Beobachtung sind austauschbar;Nur manuelle Bestätigung kann Fortschritt legitimieren;C01 C19;halten;Kein automatischer Fallback auf schwächere Evidenz
S035;P04;Harness meldet done nach einem Zwischenturn;Turnende ist Taskabschluss;Ergebnisstatus bleibt an tatsächliche Abgabe gebunden;C27 C01;degradiert;Worker kann weiterhin fachlich irren
S036;P04;Alte autoritative Beobachtung trifft nach neuer Session ein;Autorität impliziert Aktualität;Generation und Beobachtungsalter verhindern falsche Promotion;C01 C26;halten;Alter muss anhand passender Uhr und Generation beurteilt werden
S037;P04;Zwei Case-Varianten desselben Workspace werden parallel reserviert;Unterschiedliche Pfadstrings sind unterschiedliche Verzeichnisse;Kanonische aktuelle Identität erhält Exklusivität;C01 C05;halten;Filesystem-Aliasing muss über zeitliche Renames getestet werden
S038;P04;Ein untergeordneter Prozess überlebt den gestoppten Harness;Parent-Ende beweist Schreibende aller Nachkommen;Lease bleibt bis geklärter Ressourcenverantwortung gehalten;C01 C12;halten;Prozessgruppenbeobachtung ist keine harte Sandbox
S039;P04;Temporärer Worker wartet tagelang auf Permission;Temporär bedeutet kurze Ressourcenbelegung;Task und Lease bleiben sicher wartend;C13 C19;halten;Budgetmangel darf keine Freigabe erzwingen
S040;P04;Herdr-Restart wird fälschlich als kompletter Maschinenneustart klassifiziert;Restart-Klasse ist eine sichere Todesbescheinigung;Explizite Evidenz schlägt Vermutung im Recoverypfad;C01 C02;halten;Allein der Funktionsname darf keine Lease lösen
S041;P05;Plugin schreibt Debugtext auf stdout zwischen Protokollframes;Prozessgrenze garantiert parsebare Daten;Aktivierung wird isoliert quarantänisiert;C11 C12;degradiert;Andere Aktivierungen benötigen eigene Ressourcenbudgets
S042;P05;Plugin meldet einen Frame von mehreren Terabytes an;Längenheader sind harmlos bis Body empfangen wird;Host verweigert vor Allokation und hält Kontrollpfad frei;C12 C14;degradiert;Parsergrenzen müssen vor Allokation greifen
S043;P05;Plugin beantwortet Healthchecks aber blockiert jede Geschäftsoperation;Healthy bedeutet fachlich funktionsfähig;Operation-Deadlines grenzen betroffene Arbeit ein;C12 C03;halten;Unklarer Effekt darf nicht erneut gesendet werden
S044;P05;Plugin crasht sofort nach jedem automatischen Restart;Neustart heilt jeden Fehler;Restartbudget endet in sichtbarer Quarantäne;C11 C12;degradiert;Expliziter Operatorretry kann denselben Fehler wiederholen
S045;P05;Optionales Pluginmanifest ist syntaktisch kaputt;Alle Konfiguration muss vor lokaler Diagnose gültig sein;Minimaler Bootstrap zeigt Fehler ohne Pluginaktivierung;C16 C11;degradiert;Core-Bootstrap selbst braucht verifizierbare Minimaldaten
S046;P05;Plugin liefert Erfolg vor dauerhaftem Commit beim Teilnehmer;Erfolgsmeldung ist dauerhafter Wirkungsbeleg;Unabhängige Rekonziliation hält Ergebnis ehrlich;C03 C27;halten;Unehrlicher Teilnehmer kann Bestätigung fälschen
S047;P05;Plugin-Unterprozess verbraucht alle File Descriptors;Nur Hauptprozessverbrauch zählt;Host-Budgets und Kontrollreserve begrenzen Ausfallradius;C12 C14;degradiert;OS-weite Erschöpfung kann trotzdem Diagnose zerstören
S048;P05;Kompatibles Major-Protokoll ändert die Bedeutung eines optionalen Felds;Schema-Kompatibilität garantiert Semantik;Konformitätsfixtures verweigern unbewiesene Aktivierung;C11 C32;halten;Nicht spezifizierte Semantik bleibt ein Vertragsproblem
S049;P05;Ein Scope deaktiviert Plugin während dessen Effekt in flight ist;Deaktivierung annulliert Außenwirkung;Durable Operation bleibt nach Deaktivierung rekonzilierbar;C03 C18;halten;Stoppen kann bereits angenommenen Effekt nicht ungeschehen machen
S050;P05;Plugin behauptet reversibel aber inverse Operation verliert Daten;Manifestklassifikation ist ausreichender Beweis;Verifizierter Kompensationsvertrag begrenzt automatische Versprechen;C03 C27 C11;halten;Nicht invertierbare Wirkung muss als irreversibel behandelt werden
S051;P06;Netz partitioniert nach externer Annahme vor Response;Timeout beweist Nichterfolg;Dauerhafte Operation bleibt unknown ohne blinden Retry;C03 C18;halten;Rekonziliation braucht Teilnehmerunterstützung
S052;P06;Provider DNS zeigt auf falschen Endpunkt;Bekannter Hostname identifiziert den Geschäftspartner;Endpoint- und Empfängerbindung verhindert stillen Zielwechsel;C18 C11;halten;Transportauthentisierung bleibt Pluginpflicht
S053;P06;TLS-Zertifikat läuft ab während langer Offlinephase;Offline erzeugte Freigabe genügt bei Rückkehr;Kein neuer Dispatch ohne validierten Teilnehmer und gültige Erlaubnis;C18 C26;halten;Zertifikatserneuerung ist externer Betreiberprozess
S054;P06;WebSocket-Client liest nie seine Events;Ein Subscriber kann unbegrenzt langsam sein;Cursorbasierte Wiederaufnahme erlaubt Disconnect statt Pufferwachstum;C12 C07;degradiert;Client muss veraltete Projektion sichtbar machen
S055;P06;HTTP-Transport fällt aus während lokaler Betrieb intakt ist;Ein API-Ausfall bedeutet kompletten Factory-Ausfall;Bundled lokaler Kontrollpfad bleibt übrig;C15 C11;degradiert;Remote-Nutzer braucht alternativen freigegebenen Zugang
S056;P06;Remote-Client zeigt tagelang gecachten Status running;Lesbares UI ist aktuelle Wahrheit;Cursor und Alter machen veraltete Sicht erkennbar;C07 C26 C01;degradiert;Operator darf stale Anzeige nicht als Freigabegrund nutzen
S057;P06;Netzwerk-Antworten kommen doppelt und vertauscht;Transportreihenfolge ist Domänenreihenfolge;Operationidentität und Streamrevision begrenzen doppelte Mutation;C03 C07;degradiert;Teilnehmer muss dieselbe Idempotenzsemantik respektieren
S058;P06;Ein nicht-lokaler Listener wird versehentlich öffentlich gebunden;Installierte Integration ist harmlose lokale Option;Explizite Aktivierung und Scope-Auth begrenzen routbare Fähigkeiten;C11 C17 C29;grenze;Öffentliche Exposition braucht eigenständigen Sicherheitsreview
S059;P06;Tailscale und SSH fallen gemeinsam aus während Operator fern ist;Zwei Zugänge sind unabhängige Zugänge;Tasks bleiben ohne neue Freigaben erhalten;C19 C15;halten;Lokaler Zugriff ist aus der Ferne nicht garantiert
S060;P06;Teilnehmer drosselt alle Anfragen über Tage mit Rate Limit;Ein Retry wird bald Erfolg haben;Begrenzte Wartequeue ohne Wiederholungssturm;C13 C12 C26;degradiert;Geschäftstermin kann verfallen
S061;P07;Registry benennt Zielagent um nachdem Task queued wurde;Empfänger kann bei Assignment neu geraten werden;Gepinnte Zielintention bleibt sichtbar;C09 C10;halten;Neuer Empfänger braucht bewusste Entscheidung
S062;P07;Scope-Verzeichnis wird gelöscht und am selben Pfad ersetzt;Gleicher Pfad bedeutet gleicher Scope-Inhalt;UUID und aktuelle Pfadidentität werden getrennt geprüft;C01 C10;halten;Inode allein ist keine langfristige Geschäftsidentität
S063;P07;Symlink ändert Ziel zwischen Validierung und Dateischreibzugriff;Validierung schützt jeden späteren Zugriff automatisch;Unveränderte Taskintention erlaubt Abbruch bei Identitätsdrift;C01 C10;halten;Deskriptorbasierte Pfadbindung ist noch Implementierungsarbeit
S064;P07;Parent-Scope verschiebt sich und ändert Delegationsrechte;Historische Hierarchie ist heutige Erlaubnis;Alte Kette bleibt Audit und neue Policy wird geprüft;C10 C17;halten;Bereits gestartete Arbeit braucht eigene Widerrufsregel
S065;P07;Zwei Klone derselben Installation starten auf getrennten Macs;Lokaler flock ist globaler Single-Writer-Nachweis;Inkarnation und externe Preconditions begrenzen Doppelwirkung;C06 C03;halten;Ohne gemeinsames Fencing bleibt nur manueller exklusiver Betrieb
S066;P07;Client zeigt legitime Session-ID eines anderen Agents vor;Bekannte UUID ist Authentisierung;Transportbindung bestimmt Actor statt Payloadangabe;C17 C29;grenze;Same-User-Dateizugriff bleibt außerhalb harter Isolation
S067;P07;Task delegiert A nach B nach C nach A;Peer-Delegation terminiert ohne Historie;Persistierte Kette verweigert Wiederbetreten;C17 C07;degradiert;Neue unabhängige Tasks können semantisch trotzdem Kreise bilden
S068;P07;Agent erzeugt statt Weiterdelegation immer neue identische Tasks;Azyklische Taskkette begrenzt globale Arbeit;Admissionbudget stoppt unbegrenzte autorisierte Taskproduktion;C13 C19;degradiert;Semantische Duplikate lassen sich nicht perfekt erkennen
S069;P07;Scope wird stillgelegt während alte Tasks und Memory existieren;Entfernte Registryzeile darf History löschen;Retirement erhält Provenienz und sperrt neue Zustellung;C31 C24 C10;halten;Retentionentscheidung benötigt Owner
S070;P07;Case-sensitive Export wird auf case-insensitive Dateisystem restauriert;Dateinamen bleiben überall unterscheidbar;Manifest meldet Konflikte vor Aktivierung;C08 C21 C32;halten;Automatisches Umbenennen könnte Linkidentität zerstören
S071;P08;CLI wiederholt create nach verlorener Antwort;Neue API-Anfrage bedeutet neue Intention;Idempotenzidentität liefert dasselbe akzeptierte Ergebnis;C03 C07;degradiert;Andere Payload mit gleichem Key muss Konflikt bleiben
S072;P08;Cancel trifft nach Zustellcommit aber vor Writer-Aufruf ein;Cancel kann laufende Wirkung atomar verhindern;Cancelabsicht und möglicher Dispatch bleiben getrennt;C03 C18;halten;Definierter Point-of-no-return bleibt nötig
S073;P08;Zwei Assignments sehen denselben idle Worker;Lesender Idlecheck reserviert bereits Kapazität;Transaktionale Assignmententscheidung verhindert Doppelbelegung;C05 C01;degradiert;Runtime kann sich außerhalb Kernel trotzdem ändern
S074;P08;Blocked Task wird requeued ohne neue Zustellautorisierung;Statuswechsel erzeugt legitimen Retry;Dauerhaftes Zustellbudget verweigert unautorisierte Wiederholung;C04 C03;halten;Menschliche API-Bindung muss nachgewiesen sein
S075;P08;Worker liefert Artefaktpfad der auf später überschreibbare Datei zeigt;Pfad ist unveränderliches Ergebnis;Contentreferenz und Hash machen nachträgliche Änderung sichtbar;C09 C08;halten;Hash erlaubt ohne Kopie keine Wiederherstellung
S076;P08;Taskergebnis enthält mehrere Gigabytes Text;Resultate sind klein genug für Eventframes;Begrenztes Ergebnis und sichere Referenz schützen Core;C12 C23 C13;degradiert;Inhaltsretention braucht separates Budget
S077;P08;Permanent Agent bearbeitet neue Aufgabe während alte auf Permission wartet;Blocked ist funktional idle;Nonterminal-Zuordnung hält Session exklusiv beschäftigt;C01 C19;halten;Durchsatz sinkt bis zur Entscheidung
S078;P08;Process-Executor Exitcode null obwohl Output leer ist;Prozessende bedeutet fachlichen Erfolg;Exitstatus und Akzeptanzurteil bleiben getrennt;C27 C09;halten;Domäne muss sinnvollen Gate definieren
S079;P08;Taskprompts enthalten Shell-Metazeichen für Process-Executor;Text kann sicher als Shellkommando interpretiert werden;Explizites argv und validierte Ausführungsspezifikation bleiben prüfbar;C09 C17 C29;grenze;Shellbedarf erfordert gesondert genehmigte Interpretation
S080;P08;Worker stirbt nach fertigem Artefakt vor Result-Commit;Kein Taskresultat bedeutet keine Arbeit entstanden;Artefakt und Versuch können manuell korreliert werden;C03 C09 C27;halten;Ergebnisübernahme braucht Evidenz statt automatischer Neuausführung
S081;P09;Zahlungsprovider ignoriert Idempotency-Key;Header allein erzwingt Exactly-once;Lokale Intention bleibt und automatische Wiederholung wird verweigert;C03 C18;halten;Keine garantierte Einmalwirkung ohne Teilnehmervertrag
S082;P09;Email wurde gesendet aber Versandplugin crasht;Kompensation kann Versand rückgängig machen;Versand bleibt als irreversible mögliche Wirkung dokumentiert;C03 C18;halten;Eine Entschuldigung ist kein Unsend
S083;P09;Mensch genehmigt Rechnung A während Payload auf Rechnung B wechselt;Freigabe gilt dem Tasknamen statt exakten Inhalt;Gebundene Version und Empfänger verhindern Scopewechsel;C18 C09;halten;Geänderte Rechnung braucht neue Freigabe
S084;P09;Freigabe wird nach Annahme beim Teilnehmer widerrufen;Widerruf kann jede Wirkung noch stoppen;Annahmezeitpunkt und Widerruf bleiben getrennte Fakten;C18 C03;degradiert;Nur spezifische Kompensation kann Folgen mindern
S085;P09;Saga kompensiert Änderung die inzwischen ein Mensch weiterbearbeitet hat;Inverse Operation darf mutable Gegenwart überschreiben;Versionprecondition verweigert falsche Kompensation;C03 C18;halten;Manuelle Konfliktlösung statt blindem Rollback
S086;P09;Kompensation schlägt wiederholt fehl;Ein fehlgeschlagener Workflow ist durch Retry heilbar;Durable forward- und compensation-Evidenz bleibt;C03 C19;halten;Geschäftsschaden bleibt bis menschlicher Intervention
S087;P09;Zwei verschiedene Tasks bestellen fachlich dasselbe Produkt;Task-ID ist globale Geschäftsduplikat-ID;Explizite Businessoperation kann vor Dispatch geprüft werden;C03 C18 C27;halten;Fachliche Gleichheit braucht Domänenvertrag
S088;P09;Provider berechnet beim Retry einen neuen Preis;Gleicher Payload garantiert gleiche Kosten;Preisversion und Freigabebindung stoppen veränderte Aktion;C18 C26 C13;halten;Neue Kosten erfordern erneute Entscheidung
S089;P09;Geplanter Reportversand enthält nach Refresh neue vertrauliche Zeilen;Freigabe auf Workflow deckt jeden späteren Inhalt;Gepinnter Versandinhalt und Klassifikation begrenzen Freigabe;C18 C23 C10;halten;Fachliche Geheimhaltung ist nicht rein syntaktisch prüfbar
S090;P09;Teilnehmer löscht Operationhistorie bevor Factory rekonziliert;Reconciliation bleibt unbegrenzt verfügbar;Lokale Evidenz markiert dauerhaft unbekannten Ausgang;C03 C26 C19 C34;offen;Kein technischer Beweis des Ausgangs nach Retentionverlust
S091;P10;Einziger Operator ist drei Tage offline;Manuelle Recovery ist jederzeit verfügbar;Priorisierte sichere Warteschlange bleibt;C19 C13;halten;Nicht genehmigte externe Arbeit steht still
S092;P10;Operator bestätigt hundert Dialoge im Alarmsturm reflexhaft;Menschliche Bestätigung ist automatisch informierte Zustimmung;Gebündelte Entscheidungspakete und Pausenregeln bleiben;C19 C20 C18;halten;Fehlurteile sind nicht vollständig technisch verhinderbar
S093;P10;Vertreter übernimmt ohne Wissen über laufende Außenwirkungen;Zugriffsrecht ersetzt Situationswissen;Korrelierter Handover mit offenem Outcome bleibt lesbar;C19 C03 C09;halten;Vertretungsautorität muss vorher ausdrücklich erteilt sein
S094;P10;Operator verwechselt Produktions- und Fixture-Instanz;Gleiche CLI-Form schützt vor falschem Ziel;Instanzbindung und eindeutige Effektvorschau begrenzen Verwechslung;C06 C18;halten;Gewollt falsche Bestätigung bleibt möglich
S095;P10;Operator kopiert Backup per Hand statt Restore-Prozess;Öffnen erkennt automatisch historische DB;Read-only Diagnose zeigt Evidenzgrenze und bewussten Recoveryweg;C02 C16;halten;Ohne unabhängigen Marker ist manuelle Kopie nicht sicher erkennbar
S096;P10;Mensch beendet pane manuell und schreibt später im selben Workspace;Factory kontrolliert alle lokalen Mutationen;Ehrliche kooperative Grenze und erneute Identitätsprüfung bleiben;C29 C01;grenze;OS-Bypass kann Leasegarantie außerhalb Factory unterlaufen
S097;P10;Nur zuständiger Owner versteht eine Blockerbeschreibung;Durable Text ist verständliche Übergabe;Arbeitspaket enthält Zweck Optionen und sichere nächste Schritte;C09 C19;halten;Domänenwissen kann dennoch fehlen
S098;P10;Operator ist bei Abnahme seines eigenen fehlerhaften Ergebnisses befangen;Anderer Actor bedeutet unabhängiges Urteil;Befangenheit wird als Governancegrenze benannt;C20 C28 C35;offen;Unabhängigkeit braucht organisatorische Realität
S099;P10;Mensch fordert Sofortstart trotz unklarer alter Lease;Geschäftsdruck legitimiert automatische Unsicherheitsauflösung;Explizite dokumentierte Ende-/Risikoentscheidung statt stiller Freigabe;C01 C20;halten;Keine Behauptung dass bloßes Override den Workspace sicher macht
S100;P10;Operator verliert alle Zugänge und Recoveryanweisungen liegen nur auf dem Gerät;Wissen über Wiederherstellung ist immer erreichbar;Separat verfügbare Anleitung und Schlüsselvertretung bleiben;C22 C19 C21;halten;Ohne vorbereitete Zugänge ist Ausfall länger
S101;P11;Modellanbieter schließt über Nacht;Registrierter Harness ist verfügbare Kompetenz;Portables Arbeitspaket kann berechtigt neu zugewiesen werden;C09 C27;halten;Ersatzmodell kann schlechter oder ungeeignet sein
S102;P11;Modellalias wird still auf andere Gewichte umgestellt;Gleicher Modellname bezeichnet gleiche Ausführung;Versionsunsicherheit wird nicht als Vergleichbarkeit ausgegeben;C09 C28 C32;degradiert;Provider muss Gewichtsidentität ggf. überhaupt anbieten
S103;P11;Modell folgt Prompt Injection in einer Quellseite;Lesbarer Inhalt ist vertrauenswürdige Instruktion;Externe Freigabegrenze bleibt außerhalb Modelltext;C17 C23 C29;grenze;Same-User-Agent mit Tools ist dadurch nicht sandboxed
S104;P11;Zwei Prüfer nutzen denselben Modellfehler und bestätigen falsches Ergebnis;Mehrheit unabhängiger Prozesse ist epistemisch unabhängig;Instrument-/Herkunftsdiversität wird sichtbar gemacht;C27 C28 C35;offen;Gemeinsame fachliche Blindstellen bleiben
S105;P11;Modell halluziniert nicht existierende Ergebnisdateien;Plausible Abschlussprosa ist Ergebnisbeleg;Artefaktintegrität und ausführbare Akzeptanz prüfen Behauptung;C27 C08;halten;Nicht maschinenprüfbare Qualität bleibt menschliche Aufgabe
S106;P11;Lokales Modell belegt gesamten RAM und verdrängt Daemon;Lokale Inferenz ist ressourcenisoliert;Admission und Kontrollreserve reduzieren Überlast;C13 C14 C12;degradiert;OS-OOM kann trotzdem Prozessreihenfolge bestimmen
S107;P11;Modell wechselt mitten im Run ohne Telemetriehinweis;Ein Run entspricht einer einheitlichen Modellkombination;Segmentierte Ausführungsevidenz erhält ehrliche Attribution;C09 C28;degradiert;Nicht beobachtbare Wechsel machen Run nicht vergleichbar
S108;P11;Modell produziert unendlich viele korrekte Zwischenschritte;Fortschritt pro Turn garantiert Terminierung;Lauf-/Kostenbudget führt zu sicherem Halt;C13 C19;halten;Kein automatisches Urteil über nützlichen Teilfortschritt
S109;P11;Kontextfenster schrumpft nach Harnessupgrade;Byte-stabiler Kontext passt in jedes Modell;Vorabkapazität und Quelleninventar verhindern stillen Sicherheitsverlust;C09 C12 C32;halten;Kürzung braucht neue explizite Kontextentscheidung
S110;P11;Benchmarkfixture wird vom Modell erkannt und speziell ausgetrickst;Guter Benchmarkscore beweist allgemeine Qualität;Getrennte Gates und adversarielle Vergleichsfälle begrenzen Aussage;C28 C27 C35;offen;Keine allgemeine Kompetenzgarantie aus endlichem Korpus
S111;P12;Root-AGENTS wird zwischen Queueing und Start geändert;Deterministische Compilation ist historische Reproduzierbarkeit;Geplante und tatsächlich verwendete Revision bleiben unterscheidbar;C09 C10;halten;Heutige Sicherheitsregeln dürfen nicht umgangen werden
S112;P12;Ein AGENTS-Quellfile ist plötzlich unlesbar;Fehlender Kontext kann als leer ersetzt werden;Compilation stoppt mit benannter fehlender Quelle;C09 C16;halten;Keine Zustellung mit still reduzierter Instruktion
S113;P12;Human schreibt Geheimnis in Taskprompt;Operatorinput ist automatisch persistenzsicher;Datenminimierung und Incidentweg begrenzen Weiterverbreitung;C23 C24;verlust;Präventionsprüfung kann Secrets nicht sicher vollständig erkennen
S114;P12;Knowledge-Link führt zyklisch durch tausende Notizen;Mehr Retrieval liefert monoton besseren Kontext;Explizite begrenzte Quellen bleiben reproduzierbar;C09 C12;halten;v1 folgt ohnehin keinen solchen Knowledge-Links
S115;P12;Zwei Quellen widersprechen sich über aktuelle Freigaberegel;Konkatenation löst Policykonflikte;Quellenrevisionen und aktuelle Authorisierung bleiben getrennt;C09 C10 C17;halten;Textkonflikt braucht menschliche Klärung
S116;P12;Quellwebsite ändert Inhalt ohne URLänderung;URL ist immutable Referenz;Erfasste sichere Contentrevision bleibt überprüfbar;C09 C08;halten;Nicht sicher aufbewahrbarer Inhalt begrenzt Replay
S117;P12;Repo enthält bösartige native Harnesskonfiguration;Factory-Kontext ist der gesamte tatsächlich geladene Kontext;Effektfreigabe und ehrliche Trustgrenze bleiben;C09 C29 C30 C33;grenze;Fremdrepositories brauchen Isolation vor Ausführung
S118;P12;Agent schreibt Shared Memory im Namen fremden Scopes;Dateipfad bestimmt berechtigten Autor;Actor- und Scopebindung begrenzen legitime API-Schreibpfade;C17 C23;grenze;Direkter Same-User-Dateizugriff bleibt technisch möglich
S119;P12;Artefaktnamen unterscheiden sich nur durch Unicode-Normalisierung;Textgleichheit ist überall dieselbe Identität;Manifest validiert Zielkollisionen vor Übernahme;C08 C32;halten;Automatische Normalisierung kann bestehende Links ändern
S120;P12;Context wird zum Debuggen vollständig in Telemetrie kopiert;Observabilitydaten sind weniger sensibel als Produktdaten;Getrennte Payload-/Trace-/Sample-Retention begrenzt Kopien;C23 C24 C14;verlust;Bereits kopierte sensible Daten brauchen Incidentbehandlung
S121;P13;Plugin läuft als gleicher User und liest Keychain außerhalb Kernel;Capabilities sind eine Betriebssystemsandbox;Nur ehrliche Ablehnung feindlicher Plugins bleibt versprechbar;C29 C30 C33;grenze;Keine Geheimnisgarantie nach Same-User-Kompromittierung
S122;P13;Angreifer ersetzt Pluginbinary nach Manifestprüfung;Geprüfter Pfad bedeutet geprüftes Executable beim Start;Herkunftsbindung und Aktivierungsprüfung begrenzen Supply-Chain-Fenster;C11 C32 C30;grenze;OS-Angreifer kann lokale Prüfer ebenfalls manipulieren
S123;P13;Transportplugin behauptet falschen authentifizierten Actor;Jeder Plugin-Rückruf ist vertrauenswürdige Authentisierung;Gebundene Aktivierungsfähigkeiten begrenzen Reverse-RPC;C17 C11 C29;grenze;Kompromittierter autorisierter Transport bleibt mächtig
S124;P13;Agent schreibt absichtlich direkt in SQLite;Nur API-Mutationen existieren technisch;Ehrlicher kooperativer Produktvertrag statt Scheinschutz;C29 C30 C33;grenze;Hard Isolation ist separates Deploymentprojekt
S125;P13;SQL-/Pfadinjection steckt in neuem Pluginparameter;Validiertes Envelope validiert automatisch Semantik;Typisierte Payloads und begrenzte Fähigkeiten reduzieren Fläche;C17 C11 C12;grenze;Operation-spezifische Validierung bleibt notwendig
S126;P13;Log enthält Terminalescapes die Diagnoseanzeige fälschen;Textdiagnose ist passive Darstellung;Sichere begrenzte Darstellung trennt Daten von Bedienung;C12 C23 C16;degradiert;Renderer muss Escape- und Linkverhalten konkret prüfen
S127;P13;Altes gestohlenes Capability-Token wird nach Restore erneut gültig;Snapshot-Auth ist gegenwärtige Auth;Neue Inkarnation und aktuelle Berechtigung sperren alte Bindung;C02 C06 C18;halten;Externe Teilnehmer müssen Widerruf oder Ablauf respektieren
S128;P13;Bekannte Integration wird per Dependency-Typosquatting ersetzt;Paketname belegt Herkunft;Installationsprovenienz und explicit enable begrenzen Annahmen;C32 C11;halten;Signatur allein beweist keinen gutartigen Inhalt
S129;P13;Ransomware verschlüsselt DB Backups und Knowledge gleichzeitig;Lokale Backups sind vor gleichem User geschützt;Unabhängig geschütztes Recovery-Set bleibt;C21 C22 C30;verlust;Keine Sicherheit für bereits exfiltrierte Daten
S130;P13;Task erzeugt riesige gültige Delegationsketten ohne Zyklus;Azyklisch heißt ressourcenbeschränkt;Admission und Eingabegrenzen halten Core innerhalb Budget;C13 C12 C17;degradiert;Legitime sehr große Aufträge brauchen bewusste Aufteilung
S131;P14;Betroffene Person verlangt Löschung aus append-only History;Unveränderlichkeit und vollständige Löschung sind gleichzeitig trivial;Nicht sensible Metadaten und benannte Evidenzlücke bleiben;C24 C23 C08 C36;offen;Juristische Abwägung und Replayverlust sind explizit zu entscheiden
S132;P14;Gericht verlangt Legal Hold während Retention löschbereit ist;Ein allgemeines TTL löst jede Aufbewahrungspflicht;Klassifizierte Halte-/Löschentscheidung bleibt auditierbar;C24 C20 C36;offen;Kein automatischer Rechtsentscheid
S133;P14;Kunde verlangt Datenresidenz die aktueller Modellprovider nicht erfüllt;Ein austauschbarer Provider ist überall zulässig;Gepinnte Ausführung wird vor Dispatch gegen aktuelle Policy geprüft;C10 C17 C23;halten;Providervertrag und Rechtslage brauchen menschliche Prüfung
S134;P14;Backup enthält Geheimnisse die im Original schon rotiert wurden;Rotation beseitigt alle gespeicherten Geheimnisse;Separater Incident- und Schlüsselprozess begrenzt weitere Nutzung;C24 C22 C23;verlust;Kopien können außerhalb eigener Kontrolle fortbestehen
S135;P14;Lizenz einer notwendigen Library wird für neue Releases unbrauchbar;Technische Portabilität ist rechtliche Weiterverwendbarkeit;Gepinnte Herkunft und Export halten Ausstieg möglich;C32 C09;halten;Rechtliche Zulässigkeit ist nicht durch Hash bewiesen
S136;P14;Audit muss beweisen welcher Mensch konkret freigegeben hat;Ein hochgezählter authorisations-Counter genügt als Audit;Actor-gebundene immutable Freigabeevidenz bleibt;C04 C18 C07;halten;Authentisierung muss die reale Person hinreichend binden
S137;P14;Behörde beschlagnahmt Originalgerät und fordert Einsicht;Physischer Besitz und Geheimhaltung bleiben unter eigener Kontrolle;Unabhängige Recovery erlaubt Kontinuität im rechtlich zulässigen Rahmen;C21 C24 C36;offen;Keine technische Umgehung rechtmäßiger Zugriffsanforderungen geplant
S138;P14;Ein ursprünglich harmloses Feld wird später als sensibel eingestuft;Datenklassifikation ist zeitlich unveränderlich;Referenzinventar erlaubt gezielte Neubewertung;C24 C23 C08 C36;offen;Historische Kopien und Replay können betroffen sein
S139;P14;Auskunftsanfrage verlangt Provenienz über gelöschte Scopes hinweg;Scope-Retirement darf Zugehörigkeit vergessen;Erhaltene nicht sensible Historie erlaubt begrenzte Auskunft;C31 C24 C07;halten;Vorher gelöschte zulässige Inhalte bleiben nicht rekonstruierbar
S140;P14;Versicherer verlangt beweisbare Recovery statt vorhandener Backups;Dokumentierter Plan ist durchgeführter Drill;Messbare Wiederherstellung liefert konkrete Evidenz;C21 C08 C32;halten;Diese Analyse selbst ist kein solcher Nachweis
S141;P15;Tokenpreise steigen über Nacht um Faktor hundert;Gleiche Arbeit hat vorhersehbare Stückkosten;Kostenbudget stoppt neue Aufnahme oder Dispatch;C13 C18;halten;Bisher entstandene Kosten bleiben
S142;P15;Provider ersetzt Prepaid durch unbekannte nachträgliche Abrechnung;Lokaler Tokenzähler ist vollständige Kostenkontrolle;Unbekannte Preise führen zu expliziter Freigabegrenze;C13 C18 C26;halten;Keine harte Kostenobergrenze ohne Teilnehmerunterstützung
S143;P15;Ein großer Scope monopolisiert alle Slots mit legalen Tasks;Per-Agent-Limit garantiert globale Fairness;Globale Admission schützt andere Scopes;C13 C14;degradiert;Fairnesspolicy muss Zielkonflikte offen festlegen
S144;P15;Jeder kleine Task kostet mehr menschliche Freigabe als er spart;Sichere Automation ist automatisch wirtschaftlich;Messbare Interventionslast erlaubt bewussten Betriebsstopp;C19 C20 C28;offen;Freigaben dürfen nicht wegen Rentabilität automatisch entfallen
S145;P15;Nachfrage verzehnfacht sich ohne weitere Workspaces;Mehr max_sessions erzeugt mehr sichere Parallelität;Queue bleibt begrenzt statt Workspace-Multiplexing;C13 C01;degradiert;Worktrees werden nicht automatisch angelegt
S146;P15;Budget wird während langer Agentarbeit auf null gesetzt;Bereits laufende Arbeit kann risikolos hart beendet werden;Kooperativer Halt und offene Effektabsicht bleiben;C13 C18 C03;halten;Bereits angenommene Kosten oder Effekte lassen sich nicht annullieren
S147;P15;Geschäftskunde verlangt garantierte Echtzeitantwort bei lokalem Single-Host;Best-effort Architektur kann per SLA Echtzeit werden;Ehrliche Einsatz- und Verfügbarkeitsgrenze bleibt;C29 C32;grenze;Neues SLA braucht anderes Mandat und reale Kapazitätsbelege
S148;P15;Ein Fachauftrag ist nach Queuewartezeit wirtschaftlich wertlos;Persistente Arbeit sollte irgendwann immer ausgeführt werden;Explizite Gültigkeit erlaubt sichtbaren Verfall;C26 C10;degradiert;Abschreiben ist Geschäftsentscheidung
S149;P15;Unternehmen kann keinen externen Backupdienst mehr bezahlen;Durability hat keine laufenden Betriebskosten;Export und geplante Stilllegung erhalten vorhandene Evidenz;C22 C32 C21;halten;Kein Fortbestandsversprechen ohne finanzierte Ausfalldomäne
S150;P15;Unbekannte Providerrechnung macht Metrikvergleich irreführend;Gemessene Tokens sind vollständige Wirtschaftlichkeit;Nicht vergleichbare Läufe werden als solche markiert;C28 C09 C13;degradiert;Fehlende Kosten werden nicht als null verbucht
S151;P16;Rust-Update ändert Plattformverhalten trotz unverändertem Code;Lockfile allein fixiert alle Laufzeiteigenschaften;Buildherkunft und Konformitätsfixtures halten Unterschiede sichtbar;C32 C11;halten;OS und Hardware bleiben zusätzliche Variablen
S152;P16;Release enthält neue Eventversion aber keinen alten Upcaster;Forward Migration garantiert historische Lesbarkeit;Kompatibilitätskorpus verweigert unvollständiges Release;C07 C32;halten;Nicht gespeicherte alte Semantik ist nicht nachträglich herleitbar
S153;P16;Python-Prototyp und Rust mutieren denselben Tabellennamen mit anderem Schema;SQLite-Serialisierung vereinheitlicht Domänenmodelle;Eindeutiger Cutover verweigert konkurrierenden Writer;C31 C05;halten;Legacymigration ist separate genehmigte Operation
S154;P16;Rollback des Binaries trifft auf bereits migriertes Schema;Rollback bedeutet alte Executable starten;Read-only Kompatibilitätsfehler bleibt statt stiller Rückmigration;C32 C16 C07;halten;Rollbackplan muss Datenzustand einbeziehen
S155;P16;Ein Versionspaket ist nach Maintainerwechsel nicht mehr herunterladbar;Referenzierte Software bleibt dauerhaft verfügbar;Erlaubt archivierte Builds und lesbarer Export erhalten Recovery;C32 C22;halten;Archivierung kann Lizenzgrenzen haben
S156;P16;Veröffentlichung exportiert versehentlich Company-root statt Projekt;Gitremote-Konvention verhindert jede Fehlveröffentlichung;Releasegrenze und Herkunftsprüfung begrenzen freigegebenen Inhalt;C32 C23;verlust;Bereits veröffentlichte Geheimnisse bleiben Incident
S157;P16;Tests bestätigen absichtlich unsicheren Missing-ID-Fallback;Grüne Tests bestätigen richtige Invariante;Adversarielle Vertragsprüfung kann falschen Oracle offenlegen;C01 C28 C31 C35;offen;Testzahl allein misst keine Sicherheitsqualität
S158;P16;README und ADR widersprechen dem aktuellen Library-Schema;Mehr Dokumentation bedeutet mehr Klarheit;Versionierter Vertragsstatus benennt Architektur versus Implementierung;C31 C07;halten;Erfordert laufende Pflege statt weiterer Schattenbacklogs
S159;P16;Automatischer Updater aktiviert Plugin vor Manifestverifikation;Installation und Aktivierung sind derselbe sichere Schritt;Explicit enable und Kompatibilitätsprüfung trennen beide;C11 C32;halten;Kein Upgrade ohne passende Liefergrenze
S160;P16;Jedes Architekturproblem wird durch weiteren Kerndienst beantwortet;Mehr Mechanismen erhöhen immer Resilienz;Residues werden in bestehende Zuständigkeiten komponiert;C31 C32 C13;offen;Komplexitätsbudget und bewusste Nicht-Unterstützung bleiben Entscheidungen
S161;P17;Firmengründer fällt dauerhaft aus und niemand besitzt Freigabeautorität;Menschlicher Owner ist eine dauerhafte Infrastrukturkomponente;Expliziter Nachfolgeprozess und lesbare offene Entscheidungen bleiben;C19 C20 C22;halten;Ohne legitimierte Nachfolge bleibt externe Tätigkeit gestoppt
S162;P17;Zwei Geschäftsführer geben widersprüchliche Anweisungen zum selben Effekt;Menschliche Intention ist stets eindeutig;Konflikt wird vor neuer Wirkung sichtbar blockiert;C18 C20;halten;Kernel darf keine gesellschaftsrechtliche Rangfolge erfinden
S163;P17;Unternehmen wird verkauft und bisherige Mitarbeiter verlieren Zugriffsrechte;Historische Zugehörigkeit gewährt künftige Rechte;Alte Provenienz bleibt und aktuelle Policy sperrt Dispatch;C10 C18 C24;halten;Übergang braucht freigegebene Zuständigkeiten und Retention
S164;P17;Projekt wird ausgegliedert und darf Company-Kontext nicht mitnehmen;Portables Arbeitspaket darf überall kopiert werden;Klassifizierter Export hält zulässige Intention statt kompletten Kontext;C09 C23 C24 C32;halten;Portabilität ist der Vertraulichkeit untergeordnet
S165;P17;Sicherheitsverantwortlicher und Produktowner streiten über riskanten Resume;Ein technisches Override ersetzt Risikoentscheidung;Begrenzte Befugnis bleibt bis benannter Konfliktentscheidung;C04 C18 C20;halten;Kein automatisches Mehrheitsvotum für irreversiblen Effekt
S166;P17;Dienstleister ersetzt komplette Agentflotte mit anderen Instrumenten;Gleiche Rollennamen bedeuten gleiche Qualität und Beobachtung;Pinned Arbeit und Instrumentversionen bleiben vergleichbar begrenzt;C09 C28 C31;degradiert;Neue Instrumente brauchen eigene Kalibrierung
S167;P17;Teams optimieren auf möglichst wenige blocked Runs und umgehen Freigaben;Eine niedrige Blockerzahl ist immer besser;Sicherheitsverletzung und Interventionslast werden getrennt bewertet;C20 C28 C17;offen;Anreizsystem ist nicht nur ein Kernelproblem
S168;P17;Scope-Besitzer verweigert Budgetauskunft obwohl gemeinsame Maschine überlastet ist;Autonome Scopes regulieren gemeinsamen Verbrauch selbst;Globale Admission setzt gemeinsame Grenzen;C13 C14 C20;degradiert;Fairness und Prioritätskonflikte brauchen Ownerentscheidung
S169;P17;Organisation verlangt nachträgliches Umschreiben eines unbequemen Auditfakts;Korrektur bedeutet alte Wahrheit ersetzen;Append-only Korrektur hält ursprüngliche Provenienz sichtbar;C07 C24 C20;halten;Legale Löschung muss gesondert behandelt werden
S170;P17;Ein Partner stellt Betrieb ein und niemand kann seine alten Operationen bestätigen;Businesspartner existieren so lange wie lokale Tasks;Dauerhaft unbekannter Outcome bleibt statt neuem Retry;C03 C34 C19;offen;Automatische Rekonziliation kann endgültig unmöglich werden
S171;P18;Tausend neue Scopes erzeugen je einen Pluginprozess;Scope-lokale Isolation skaliert ohne globale Kosten;Admission begrenzt Aktivierungen und hält Controlkapazität;C11 C13 C14;degradiert;Multiplexing wäre neuer expliziter Vertrag statt heimlicher Optimierung
S172;P18;Zwei Kunden fordern gegenseitige Geheimhaltung auf derselben User-ID;Scope-Rechte sind harte Mandantentrennung;Heutige Trusted-User-Nutzung bleibt eng begrenzt;C29 C30 C33;grenze;Mandantenbetrieb benötigt eigenes Isolationsmandat
S173;P18;Remote-Worker laufen über Tage offline auf fremder Hardware;Lokale Lease beschreibt entfernte Realität vollständig;Operationen bleiben gesperrt bis sichere Inkarnations-/Effektprüfung;C06 C01 C26;grenze;Remote Runtime ist nicht automatisch durch lokales Modell abgedeckt
S174;P18;Produkt muss auf Smartphone ohne Daemon-Dauerbetrieb laufen;Residenter Mutator ist auf jeder Plattform verfügbar;Portabler Arbeits-/Exportvertrag überlebt ohne dortige Automatisierung;C09 C32 C29;grenze;Plattformwechsel benötigt explizite Architektur statt verdeckter zweiter Writer
S175;P18;Firma verlangt Active-active mit automatischem Failover zwischen Städten;Lokaler Lock kann verteiltes Konsensproblem lösen;Single-active bleibt ehrliche Betriebsgrenze;C06 C29 C32;grenze;Kein Konsenscluster aus dieser Analyse genehmigt
S176;P18;Robotikplugin steuert irreversible Bewegung mit Millisekundenfrist;Approval-gated Büroautomation ist Echtzeit-Sicherheitssteuerung;Factory kann nur nichtkritische Planung übergeben;C29 C30 C18;grenze;Safety-zertifizierter Controller liegt außerhalb dieses Produkts
S177;P18;Regulierter Betrieb verlangt manipulationssichere Beweise gegen Root-Admin;Lokales append-only SQLite ist unabhängiger Trustanchor;Unveränderlichkeitsvertrag bleibt nur im kooperativen Trustmodell;C29 C30 C33;grenze;Externer Trustanchor und andere Deploymentgrenze nötig
S178;P18;Ereignisbestand wächst auf Jahrzehnte und Replay dauert länger als RTO;Rebuildbar bedeutet schnell genug wiederherstellbar;Validierte Snapshots plus vollständige Historie können Recovery beschleunigen;C07 C08 C21 C13;degradiert;Beschleuniger brauchen Integritätsbeleg und echtes Zeitbudget
S179;P18;Kunde fordert vollständigen Export und Abschaltung aller Factorydienste;Produktbindung ist Voraussetzung für Lesbarkeit eigener Arbeit;Offene Artefakt-/Eventformate und Stilllegungsplan erhalten Evidenz;C09 C22 C32;degradiert;Native Harnessgespräche sind nicht vollständiger Factoryexport
S180;P18;Pluginlandschaft entwickelt wechselseitige Abhängigkeiten mit Startzyklus;Einzelne valide Aktivierungen ergeben einen startbaren Graph;Bootstrap und Quarantäne halten Minimalbetrieb ohne Zyklus;C11 C16 C12;degradiert;Optionalitätsgraph muss vor Aktivierung geprüft werden
S181;P19;Extremer Sonnensturm zerstört Elektronik in mehreren Backupregionen;Geografische Trennung beseitigt jeden Common-Cause-Ausfall;Nur tatsächlich überlebende Offlinekopien bleiben Informationsquelle;C21 C22;verlust;Keine Garantie gegen Verlust aller physischen Kopien
S182;P19;Mac erwacht im Jahr 2046 und alle Termine Zertifikate und Anbieter sind historisch;Lange Pause ist nur ein großer gewöhnlicher Restart;Read-only Rekonstruktion und Export bleiben ohne automatischen Catch-up;C26 C22 C32 C02;halten;Aktuelle Berechtigung und ausführbare Software müssen neu begründet werden
S183;P19;Nach zwanzig Jahren versteht niemand mehr Sprache und Geschäftskürzel der Taskprompts;Gespeicherte Bytes bleiben verständliche Bedeutung;Versioniertes Glossar und erklärbare Arbeitspakete erleichtern begrenzte Rekonstruktion;C09 C22 C32;offen;Semantik kann trotz intakter Bytes unwiederbringlich fehlen
S184;P19;Alle verfügbaren Modelle und menschlichen Prüfer teilen denselben überzeugenden Irrtum;Übereinstimmung beweist Wahrheit;Nur provenancegetrennte Aussagen bleiben ehrlich archiviert;C28 C35 C27;offen;Keine universelle Wahrheitsmaschine aus der Inzidenzmatrix
S185;P19;Zwei technisch identische Instanzklone erhalten widersprüchliche legitime Weltzustände;Deterministische Software kann widersprüchliche externe Wahrheiten vereinigen;Single-active-Grenze und Konfliktevidenz bleiben statt automatischer Zusammenführung;C06 C18 C20;halten;Fachliche Konfliktentscheidung ist nicht aus lokalen IDs ableitbar
S186;P19;Neue Rechtslage verlangt sofortige Löschung aller Geschäftsdaten und zugleich ewige Beweisbarkeit;Jede Anforderungskombination ist architektonisch erfüllbar;Widerspruch wird als nicht erfüllbares Mandat offengelegt;C24 C36 C20;offen;Keine Architektur kann beide absoluten Forderungen erfüllen
S187;P19;Energie steht künftig nur fünf Minuten pro Monat zur Verfügung;Dauerdaemon und kontinuierliche Beobachtung sind natürliche Gegebenheiten;Offline lesbares Recovery-Set und gezielter Export bleiben;C22 C26 C29;grenze;Betriebsmodell müsste explizit neu entworfen werden
S188;P19;Alle genutzten Kryptoprimitiven gelten plötzlich als praktisch gebrochen;Integritäts- und Authentizitätsbelege sind für immer vertrauenswürdig;Metadaten über verwendete Algorithmen erlauben geordnete Neubewertung;C22 C32 C18;verlust;Alte Vertraulichkeit und Signaturbeweise können nicht rückwirkend repariert werden
S189;P19;Firma spaltet sich rechtlich in zwei Nachfolger die beide alle Freigaberechte beanspruchen;Ein stabiler Owner ist aus dem Instanznamen ableitbar;Historische Provenienz und gesperrte neue Wirkungen bleiben;C20 C18 C24 C36;offen;Eigentums- und Zugriffsentscheidung benötigt legitime externe Autorität
S190;P19;Alle Geräte Backups Schlüssel und Erinnerungen an das System verschwinden;Ein gutes Recoveryprotokoll kann Information aus nichts erzeugen;Es bleibt keine rekonstruierbare Factory-Arbeit;C22 C29;verlust;Bewusst akzeptierte informationstheoretische Grenze statt falschem Recoveryversprechen
S191;P20;Alter Restore trifft auf widerrufene Freigabe und inzwischen ausgeführte queued-Aktion;Leerer Snapshotversuch plus alte Freigabe beweist sichere Ausführung;Recovery-Epoche sperrt Wirkung bis aktuelle Evidenz vorliegt;C02 C18 C03 C34;halten;Ohne unabhängige Teilnehmerhistorie ist Ausgang dauerhaft unentscheidbar
S192;P20;Pluginflood füllt SSD genau als dringender Widerruf eingeht;Sicherheitskommandos haben unter Überlast automatisch Vorrang;Vorab reservierte Kontrollkapazität erlaubt begrenzten Stoppversuch;C12 C14 C18 C03;halten;Ohne Commit darf Widerruf nicht als dauerhaft bestätigt werden
S193;P20;Herdrausfall hält Leases und einziger Operator stirbt während Rechenbudget ausläuft;Sicherer Halt besitzt stets einen erreichbaren Fortsetzungsweg;Taskevidenz und legitimierter Nachfolgeprozess bleiben;C01 C13 C20 C22;halten;Ohne Nachfolge keine automatische Freigabe oder Fortsetzung
S194;P20;Restoremanifest ist vollständig aber einzige Contentkopie unterliegt gerichtlich angeordneter Löschung;Technische Vollständigkeit legitimiert jede Wiederherstellung;Nicht sensible Historie und explizite Replaylücke bleiben;C08 C24 C36 C21;offen;Rechtliche Entscheidung kann technische Recovery bewusst begrenzen
S195;P20;Providerwechsel verändert Outputformat und derselbe Modelltyp verifiziert seinen Fehler;Portabilität plus zweiter Agent garantiert gleiche Qualität;Gepinnte Instrumente und unabhängige Kriterien halten Zweifel sichtbar;C09 C28 C35 C27;offen;Kein fachlicher Erfolg ohne tragfähigen unabhängigen Maßstab
S196;P20;Zwei Scopeagenten vervielfachen Tasks während Cron eine monatelange Nachholwelle erzeugt;Einzelne Loopprüfung oder Scheduler-Deduplikation begrenzt Gesamtlast;Globale Admission und faire kontrollierte Catch-up-Queue bleiben;C13 C25 C14 C17;degradiert;Fachlich doppelte verschiedene Tasks können weiter manuelles Review brauchen
S197;P20;Compensation läuft gegen vom Menschen veränderte Daten während ihr Plugin geupdatet wird;Inverse Operation bleibt trotz Welt- und Vertragswechsel gleich;Gepinnte Operation und Versionsprecondition verweigern falsche Rückabwicklung;C03 C18 C32 C11;halten;Geschäftlicher Schaden kann trotz technisch korrektem Halt bleiben
S198;P20;Migrationscutover wird unterbrochen und Backupklon startet parallel den Legacydispatcher;Ein erfolgreicher lokaler Lock beendet alte Mutationsautorität überall;Expliziter Writer-Cutover und Teilnehmerfencing begrenzen Doppelwirkung;C31 C06 C02 C03;halten;Ohne Fencing muss exklusive Betriebsautorität manuell nachgewiesen werden
S199;P20;Geräteverlust trifft auf verlorenen Backup-Key und insolventen Softwarelieferanten;Unabhängige Datenkopie allein macht Recovery möglich;Nur vorher gesicherte Schlüsselvertretung und lesbare Formate können helfen;C21 C22 C32;verlust;Fehlen diese bereits ist Wiederherstellung unter Umständen unmöglich
S200;P20;Incidentbericht behauptet volle Resilienz weil alle Matrixfelder markiert sind und stoppt reale Tests;Syntaktische Abdeckung ist empirischer Sicherheitsbeweis;Offene Evidenzklassen und unabhängiger Review halten Modellgrenze sichtbar;C31 C28 C35;offen;Diese selbstreferenzielle Karte widerlegt keine unbekannten weiteren Blindstellen
