alignment_id;source_states;relationship;reason;required_distinction;confidence
AL01;OP022 OB16 BD03;merge-candidate;An attempt may be accepted while local evidence cannot decide the outcome;BD03 additionally requires withheld retries, unknown knowledge can coexist with any actual effect count;high
AL02;OP014 GV13 BD03;merge-candidate;Retained attempted-task records can cause conservative delivery refusal;Restrict to task-attempt branch, GV13 also contains leases and BD03 includes unimplemented participant policies;high
AL03;OP015 GV13 OB06;merge-candidate;Disconnected session with retained lease excludes managed workspace reuse without resolving occupancy;Only the lease branch, OB06 also includes key recovery and GV13 includes task delivery, name the recovery entry point;high
AL04;OP014 OP015 GV13 OB06;keep-separate;Task attempt authorization and workspace reservation are independent records with different release conditions;New prompt authorization neither proves old process death nor resolves remote acceptance, key recovery has no lease prerequisite;high
AL05;OP011 GV43 BD09;keep-separate;An unseen snapshot tail can motivate stale dispatch but does not itself constitute dispatch or changed authority;Missing historical evidence versus reliance on stale permission versus still-deliverable delayed work;high
AL06;GV43 BD09;merge-candidate;Both include continued eligibility under authority that changed after an earlier check;Restrict to stale-authorization exposure before actual acceptance, GV43 additionally includes prior-effect ignorance after restore;high
AL07;OP025 OB19 BD27;keep-separate;Wrong association, ambiguous clone identity and retained conflicting claims are different epistemic dispositions;A wrong selected object is not the same as honestly unresolved attribution, matching observations do not prove unique writers;high
AL08;OP016 GV27 OB32;merge-candidate;Two write-capable actors can invalidate exclusive ownership while both remain active;Scope overlap, actual write capability and continued activity required, neither reactive repair nor infinite duration follows;high
AL09;OP016 GV27 OB32 BD08;keep-separate;BD08 adds mutually reactive correction to mere coexistence of writers;Require A reacts to B and B reacts to A, distinguish finite conflict, externally scheduled writes and feedback hypothesis;high
AL10;OB18 OP016 OB32;keep-separate;A surviving descendant can run alone before any replacement or conflicting edit exists;Parent exit, descendant write authority, replacement admission and actual conflict are separate cut points;high
AL11;OP035 OP014 OB29 OB17;keep-separate;Cancelled-after-intent prompt emission differs from nonterminal retry refusal, false stop acknowledgement and accepted irreversible action;OP035 has a durable terminal cancel and later writer gap, OB29 is a counterfactual false response, OB17 requires actual participant acceptance;high
AL12;OP008 OB08;merge-candidate;Required commits fail while previously committed records can remain readable;Storage integrity and read availability are conditions, not implications of all disk faults;high
AL13;OP002 OB02 OP033 BD36;disagreement;OB02 admits observer-only loss but its lost field also asserts execution unavailable, unlike explicit continuing-work branches;Separate host execution, monitor reachability, operator control and human receipt, observer silence does not select world state;high
AL14;OP024 OB03;merge-candidate;A stale or incomplete observation is represented as current useful-service evidence;Restrict to false-current or false-green branch, OP024 also includes cached running while real work has completed;high
AL15;OP020 OB03;keep-separate;Business nonprogress is an underlying world/process condition while green is a claim about it;Either can occur without the other and independent service paths may remain useful;high
AL16;OB04 BD17;merge-candidate;An existing alert fails to reach an effective human receiver;Only receipt branch, BD17 also includes perception and interpretation after receipt;high
AL17;OB04 BD17 BD19 OP031 GV14;keep-separate;Receipt, comprehension, deliberate repair deferral, competent operator availability and legitimate succession have different exits;Delivering a message does not confer authority or perform repair, operator absence need not be permanent authority orphanage;high
AL18;OB05 BD26 BD29 GV40;keep-separate;Mute policy, faulty clock meaning, scheduled nightly outage alarms and useful intermittent execution can all recur for different reasons;Mute expiry versus clock epoch versus externally supplied power schedule, useful work must fit each energy window;high
AL19;OP017 GV02 OB07 BD02;merge-candidate;Actually enforced refusal can hold work pending a changed valid decision;Generic permission intersection only, semantic checks and participant freshness are conditional and not proven by prompt resume code;high
AL20;GV15 BD20;merge-candidate;Conflicting plausible legitimate instructions lack an accepted precedence for one concrete action;Require common object, jurisdiction and effective time, BD20 additionally requires an effective withholding gate;high
AL21;GV14 GV15 GV21 GV17;keep-separate;Missing successor, contested authority, spending feasibility and legal data duties may coexist independently;A credential, extra budget or new evidence does not automatically resolve the other constraints;high
AL22;GV20 BD25;merge-candidate;Known applicable prohibition is actually enforced before the affected acceptance;Refusal at one boundary neither stops buffered work elsewhere nor proves plant safety, GV20 also includes provider residency;high
AL23;OP026 OB25 BD02;keep-separate;Request rejection, bounded quarantine and persistent action hold have different objects and lifecycles;Preserve refusal versus task termination, quarantine budget and actual protected boundary, proposed guards are not existing survivors;high
AL24;OP001 GV01 OB01 BD01;keep-separate;All can describe benign bounded outcomes but OP001 includes ongoing work and OB01 includes rejection or cancellation;Verified completion differs from no new unsafe action and from released resources, neither implies universal health;high
AL25;OP005 BD04;merge-candidate;A structurally acceptable but semantically wrong result remains recorded or is consumed;Only work-product branch, BD04 is also used for false observer belief and wrong human intervention, no reuse loop implied;high
AL26;OP005 BD04 GV05 BD05;keep-separate;One accepted error can persist without any causal mechanism reinforcing future error;Belief reinforcement, evidence reuse and exclusion of correction are additional conditions, do not omit ordinary erroneous completion;high
AL27;GV05 BD05;merge-candidate;Accepted false evidence is reused and its apparent corroboration strengthens continued trust;Keep object of attraction explicit, confidence can reinforce around fixed bytes without pulling corrected world facts back toward error;high
AL28;GV06 BD28 GV16 BD14;keep-separate;Assurance removes tests, rewarded proxies select reports, bypass becomes rewarded precedent and exceptions increase authority ambiguity;Loops can couple but have different feedback edges and interventions, proxy error alone supplies none of those edges;high
AL29;GV31 BD16 OB15;not-comparable;These describe related evidence limitations at recovery assurance, fixture design and measurement denominator levels;They do not select the same production trajectory, conditional BD16 coverage and unresolved statistical scenarios use different disposition granularity;high
AL30;GV07 GV35 OP010;keep-separate;Missing historical attribution, changed measurement instrument semantics and replay dependence on current registry invalidate different claims;Correct present output may coexist with any of these deficits, retain historical inputs versus calibration versus pure replay distinction;high
AL31;OP012 OP034 BD30 GV39;keep-separate;Missing artifact bytes, orphan bytes without completion, unavailable technical interpreter and lost business meaning have different surviving information;A path is not content, content is not accepted work, technical decoding is not recovery of historical intent;high
AL32;OP009 GV26 BD30;merge-candidate;A required representation cannot currently be interpreted and a safe path refuses to fabricate meaning;Compatibility intersection only, OP009 also includes corrupt canonical information while BD30 need not have a policy gate;medium
AL33;OP013 GV48 OB06 BD30;merge-candidate;Known surviving material cannot presently be used because necessary access or interpretation evidence is absent;Only current recovery inability, do not import lease semantics or infer permanent impossibility from missing keys or software;medium
AL34;OP006 GV18 OB28 BD31;merge-candidate;A particular required fact is irrecoverable relative to a closed inventory of usable representations;Preserve the lost object and lawful recovery boundary, absent association and overwritten content are not whole-system erasure;high
AL35;OP013 GV48 OB24 OP006;keep-separate;Current inability to decrypt differs from permanent lack of every feasible decryption path or destroyed required information;State cipher assumptions and horizon, later cryptanalysis changes a feasibility premise rather than resurrecting destroyed key bytes;high
AL36;GV42 BD33;merge-candidate;Literal loss of every reconstructive source within the stated boundary prevents continuity of this system;BD33 also removes legitimate actors, do not apply to partial-region damage, locked accounts or intact unreadable ciphertext;high
AL37;OP028 OP023 GV38 OB17 BD10;keep-separate;Known completed delivery, duplicate action, and unwanted irreversible consequence share history but not damage semantics;Ordinary authorized effect is not failure, refund can restore balance without erasing event, irreversibility must name the business property;high
AL38;GV08 OB21 BD06;merge-candidate;An unauthorized observer actually learns protected information and past disclosure cannot be recalled;Exposure risk, geographic noncompliance and broken crypto assurance alone do not establish learning;high
AL39;GV19 GV41 GV08 OP007;keep-separate;Retained sensitive copies, withdrawn cryptographic trust, actual disclosure and exposed authority are distinct stages;Specify actual readers, effective credentials and independently anchored evidence, access revocation can end future power but not past knowledge;high
AL40;OP027 OB33 BD09;keep-separate;Accepted action outside consent, wrong authority admitted and delayed action exposure lie at different acceptance cut points;Authenticated caller is not authorization for exact subject, payload, price and moment, exposure need not become effect;high
AL41;OP029 GV44;merge-candidate;Known forward work has no currently justified completed inverse and awaits disposition;GV44 is specifically stale-precondition refusal while OP029 also includes unavailable or failing compensation, not an implemented generic saga guarantee;high
AL42;OP030 GV38 BD10;keep-separate;Compensation damaging newer work is not automatically irrecoverable loss of that work;Require actual overwrite and closed inventory before loss classification, known forward history and current versions can survive separately;high
AL43;OP003 GV10 OB14 OB31;merge-candidate;Continuing offered load can sustain constrained service without endogenous work reproduction;Only a coarse demand-service intersection, strict-priority starvation, thermal service reduction and aggregate saturation have different controls and fairness implications;medium
AL44;OP004 GV11 OB11 BD24;merge-candidate;Latency or failed work generates more requests which reduce useful service and can sustain overload;Specify fixed base demand and retry budget, compare basins under identical inputs, runaway exhaustion and finite trees are not bounded attractors;medium
AL45;OP001 OB12 OB26 OB30;keep-separate;Finite synchronized arrivals, warming cost and old finite obligations can drain without a new stable regime;One operation can pass through several transients, old authorization and deadline validity remain independent of draining;high
AL46;GV11 OB36 GV12;keep-separate;Queue-driven reproduction, finite-depth delegation growth and open-ended locally correct work have different stopping measures;Preserved finite scope chains bound depth, repeated fresh roots or reset lineage require separate authority and production rules;high
AL47;OB10 OB13 OB35;keep-separate;Permanent slot occupancy, one blocking item and delayed control traffic describe different resource topologies;Continued arrivals required for accumulating slot loss, finite obstruction can drain, control delay does not prove permanent hangs;high
AL48;OP032 OB34 BD18;keep-separate;Bad approvals generating faults, dismissal preserving false alert criteria and incident reminders consuming repair capacity are different human feedback loops;Measure post-shock alert generation, useful repairs, policy and responder behavior separately, muting does not clear incidents;high
AL49;OP018 OP019 GV45 BD12;keep-separate;Finite quarantine, restart recurrence and mutual prerequisite deadlocks have different persistence mechanisms;Budget reset is an intervention, deterministic defect is not healed by cooling, graph cycle needs strict readiness prerequisites;high
AL50;GV45 BD12;merge-candidate;Strict circular prerequisites with no independently available seed prevent startup or recovery;Startup readiness and broken config-reader recovery remain operation-specific, merely unavailable prerequisite is not circularity;high
AL51;GV25 BD37 BD22 BD13 GV29;keep-separate;Frozen maintenance, missing prerequisite, lost provider capability, maintenance feedback and central service expansion are not interchangeable;Installed service may still work, supplier loss does not prove no substitute, feedback needs longitudinal learning and architecture decisions;high
AL52;OP021 GV04 BD15 BD36;keep-separate;Independent partial service, indispensable dependency outage, common prerequisite failure and observer-only partition imply different usable paths;An optional label is not evidence of independence, name actual startup, credential, power and participant dependencies;high
AL53;GV22 BD23;merge-candidate;Delayed or incomplete cost evidence prevents a justified claim of final liability;BD23 can be a finite settling tail, GV22 includes unknown tariffs and attribution, spending stop leaves existing obligations;high
AL54;GV24 OB09;merge-candidate;A genuine time-specific business promise is missed even if useful work later finishes;Deadline origin, contract softness and residual value must be explicit, mere elapsed time is insufficient;high
AL55;GV47 OB23;merge-candidate;Correct recoverable history can exceed the recovery-time objective;Only time branch, OB23 also includes insufficient peak space, neither finite slow replay nor space wait proves information loss;high
AL56;GV46 BD32;keep-separate;Locally retired Factory services can leave participant queues or monitoring obligations active;Declare service boundary and closure evidence, usable handoff is not proof of zero future external effects or universal erasure;high
AL57;GV09 OB22 BD35;merge-candidate;Trusted attacker execution can retain or regain authority through controlled evidence;GV09 alone does not contain the feedback, OB22 specifically adds update or recovery reproduction, BD35 can retain trust without reinstalling code;medium
AL58;GV05 BD05 OB22 BD35 BD34;keep-separate;False consensus, malicious self-certification and observational indistinguishability describe different causes and inference limits;BD34 supplies no dynamics, compromise requires effective powers, shared bad table can explain agreement without attacker control;high
AL59;BD26;not-comparable;Operations leaves clock scenarios unresolved while boundaries indexes explicit conditional timing-error branches;No contradiction or required cluster, obtain clock primitive, epoch, suspend behavior and civil-time intent before selecting a trajectory;high
AL60;GV34 GV32;not-comparable;Lawful access to separated context and legal custody restrictions have no exact cross-report equivalent selected here;Preserve permitted use versus physical accessibility and unavailable content, do not flatten to generic data loss;high
