id;severity;source_states;issue;recommended_disposition;evidence
CF01;high;OB02 OP002 OP033 BD36;OB02 conditions permit observer-only outage but its lost field says current execution is unavailable, contradicting its own continuing-work branches and the explicit partial-partition account;CORRECT before aggregation by separating execution, monitor knowledge and human reachability. OB02 alone must not select host failure or loss of work;../observability/states.csv OB02 and trajectories.csv OBT257 | ../boundaries/trajectories.csv BDT051 S326 | ../operations/trajectories.csv OPT059 | alignment.csv AL13
CF02;medium;BD04 OP005 OP024 OB03;BD04 means erroneous completed work in its definition but BDT030 uses it for false outcome belief and BDT055 for privileging a liveness claim. Observer belief and business-result truth can differ;QUALIFY each occurrence by its object. Align only actual work-product errors with OP005 and observer assertions with OP024 or OB03 where their conditions hold;../boundaries/states.csv BD04 and trajectories.csv BDT030 S305 BDT055 S330 | ../operations/trajectories.csv OPT056 | alignment.csv AL14 AL25
CF03;medium;OP014 OP015 GV13 OB06 BD03;GV13 bundles attempted-task holds and disconnected leases while OB06 also includes decryption recovery. A generic evidence wait loses independently necessary exit conditions;KEEP component holds separate. Annotate task authorization, workspace occupancy, remote outcome and key recovery independently rather than merge whole labels;../governance/trajectories.csv GVT093 S193 | ../observability/trajectories.csv OBT245 OBT271 | ../operations/states.csv OP014 OP015 | alignment.csv AL02-AL04
CF04;high;OP015 OP016 OP025 GV13 OB06 OB32;Retained disconnected leases are source-supported but a universal source claim that recovery waits for positive old-writer death would be false. Another recovery entry point presumes gone and records a replacement when positive reconnection fails;RETAIN the source-supported lease branch with its entry point. Keep OP016 possible after presumed-gone recovery plus actual later launch and surviving capability. Missing-ID confidence fallback is not positive identity. Do not report an executed duplicate-writer fault;../../crates/factory-recovery/src/reconnect.rs identifies_same_session and reconnect_after_herdr_or_machine_restart re-read at 141-168 and 409-533 | ../../crates/factory-recovery/src/restore.rs reconcile 162-309 | ../operations/trajectories.csv OPT032 OPT040 | alignment.csv AL03 AL08
CF05;medium;OP035 OP014 OB29 OB17;Cancelling a queued task after intent commit can leave a durable cancelled record followed by writer invocation. This is neither an unauthorized automatic retry nor the false durable-stop acknowledgement hypothesized in S260;KEEP separate cut points. OP035 is a source-possible library interleaving pending caller-serialization evidence, OB29 remains counterfactual to inspected stop/cancel response ordering and OB17 requires actual external acceptance;../../crates/factory-task/src/deliver.rs deliver 234-316 and create.rs cancel 301-359 re-read | ../operations/trajectories.csv OPT072 | ../observability/trajectories.csv OBT260 | alignment.csv AL11
CF06;high;OP026 OP018 OP021 GV02 OB25 BD02 BD25;Generic guard, safe-mode and quarantine branches describe stipulated enforcement, not evidence that semantic approval, aggregate resource isolation or participant fencing survives. Their existence as state labels can launder desired controls into capabilities;RETAIN only conditional refusal branches with exact boundary and protected predicate. Carry evidence as source-local behavior, design promise, hazard, proposed intervention or missing prerequisite. Do not count the guard or suggested exit as a demonstrated survivor;../operations/report.md source register C1-C12 D1-D3 | ../observability/states.csv OB25 | ../boundaries/states.csv BD02 BD25 | method-audit.md SK07 | alignment.csv AL19 AL22 AL23
CF07;medium;OP001 GV01 OB01 BD01 OP026;Benign reference endpoints are not equivalent. OP001 includes ongoing work and recovery, OB01 includes rejection/cancellation with released resources, GV01 and BD01 require bounded accepted correctness;KEEP operation scope, verified result, truthful terminal disposition and resource release distinct. No inference of completed useful work from empty queues or request rejection;../operations/report.md reading guide and states.csv OP001 OP026 | ../observability/states.csv OB01 | ../governance/states.csv GV01 | ../boundaries/states.csv BD01 | alignment.csv AL24
CF08;medium;GV05 GV02 BD13 BD14 BD18 BD19 BD28 OP005 BD04;Some non-loop alternatives appear honestly in prose but disappear from destination IDs. GVT004 identifies a single false endorsement yet lists only GV05/GV02, BDT016 lists only feedback states after maintainer departure, BDT042 omits its expensive-but-stable branch, BDT058/059 index only rewarded feedback;PRESERVE these as explicit one-off, ordinary, unresolved or unindexed alternatives in downstream handoff. Do not select a feedback state from coverage IDs alone. Peer files need not be rewritten by this task;../governance/trajectories.csv GVT004 S104 | ../boundaries/trajectories.csv BDT016 S291 BDT042 S317 BDT058 S333 BDT059 S334 | corresponding coverage.csv rows | alignment.csv AL26 AL28 AL51
CF09;medium;GV31 BD16 OB15;Coverage operates at different levels: S224 leaves production dynamics unresolved whereas S298 conditionally indexes test-evidence blindness without selecting a production endpoint. Status totals therefore cannot measure solved dynamics;ACCEPT both as honest authored dispositions but retain an explicit epistemic-only versus operational-trajectory qualifier. Report exact coverage separately from branch completeness or validation;../observability/coverage.csv S224 and trajectories.csv OBT224 | ../boundaries/coverage.csv S298 and trajectories.csv BDT023 | ../governance/report.md evidence and coverage limits | alignment.csv AL29
CF10;high;OP004 GV11 OB11 BD24;Reviewers generally qualify feedback hypotheses correctly, but zero-arrival drainage is sometimes offered as a blanket falsifier while BD24 permits two basins under the same nonzero base demand. Changing an input changes the dynamical question;STANDARDIZE the claim before testing: hold stated base demand and policy fixed, remove the initiating fault, vary initial backlog. Separately test zero arrivals to assess endogenous work reproduction. Drainage at zero demand does not refute bistability at fixed positive demand. Unbounded growth or eventual exhaustion is not an established bounded attractor;../operations/states.csv OP004 falsifier | ../governance/states.csv GV11 | ../observability/states.csv OB11 falsifier | ../boundaries/states.csv BD24 | method-audit.md SK02 SK04 | alignment.csv AL44
CF11;medium;GV11 OB36 GV12 OP004;Finite no-repeat scope chains and finite retry trees can create huge demand without unbounded recursive depth or a persistent work-generating basin. OB36 conditions mention absent effective depth limits but its sequence also permits finite-depth termination;KEEP finite fan-out growth separate from an open-ended producer or retry loop. State finite scope set, lineage preservation, roots and per-node admission bounds. Fresh-root escape needs an actual allowed creation path, not an assumed bypass;../governance/trajectories.csv GVT030 GVT096 | ../observability/states.csv OB36 and trajectories.csv OBT254 | ../operations/trajectories.csv OPT067 OPT068 | alignment.csv AL46
CF12;medium;OP032 OB34 BD18 OB05 BD19;Alarm-feedback candidates are not synonyms: approval errors generate new faults, dismissal preserves a bad alert criterion, or reminders consume repair capacity. A permanent mute or acknowledged repair backlog needs no such feedback;KEEP distinct causal edges and responder assumptions. Inventory unresolved incidents independently of notification counters, never infer that muting or grouping cleared them. Prior A5 reset-based boundedness is not evidence for these peer hypotheses;../operations/trajectories.csv OPT092 | ../observability/trajectories.csv OBT212 | ../boundaries/trajectories.csv BDT032 BDT033 | method-audit.md SK01 SK02 | alignment.csv AL48
CF13;high;OP006 OP013 GV18 GV39 GV42 GV48 OB24 OB28 BD30 BD31 BD33;Lost keys, missing association, unreadable format, lost business meaning and total erasure have different information inventories. OB24 permanent feasible-path exclusion is stronger than currently having no known decryption path, and future cryptanalysis can change that premise;KEEP unavailable evidence versus destroyed required information separate, specify exact fact, feasible and lawful sources, decoding assumptions and horizon. Only literal closed-boundary loss supports total-erasure alignment. Do not turn S348 account lock and host destruction into S345 total loss;../observability/trajectories.csv OBT271 | ../governance/trajectories.csv GVT083 GVT090 GVT099 | ../boundaries/trajectories.csv BDT065 BDT070 BDT073 | method-audit.md SK08 | alignment.csv AL31-AL36
CF14;medium;OP028 OP023 GV38 OB17 BD10;Irreversible historical occurrence does not imply unwanted or uncompensable business harm. OP028 explicitly includes ordinary delivered work, while other states require unwanted effects or loss of a relevant property;KEEP historical fact, consent fidelity, duplicate count and net business damage distinct. A refund may restore balance without unsending a message or erasing event history. Actual acceptance may coexist with locally unknown outcome;../operations/trajectories.csv OPT082 OPT084 OPT087 | ../governance/trajectories.csv GVT076 | ../observability/states.csv OB17 | ../boundaries/states.csv BD10 | alignment.csv AL01 AL37
CF15;medium;BD06 BD25 GV17 GV20 GV08;S320 explicitly allows residency violation without new plaintext disclosure but its coverage indexes only disclosure or enforced refusal. The non-disclosure noncompliance branch would disappear if IDs were treated as exhaustive;RETAIN residency-only noncompliance as a distinct conditional unindexed branch pending legal applicability. Do not map it to confidentiality loss or pretend a gate already stopped it. Apply the same distinction to S133 processing-location claims;../boundaries/trajectories.csv BDT045 S320 and coverage.csv S320 | ../governance/trajectories.csv GVT033 S133 | alignment.csv AL22 AL38
CF16;medium;OP012 OP034 GV39 BD30 BD04;Durable result path, original bytes, independently accepted completion and interpretable business meaning are separate surviving objects. Orphan finished bytes can be useful without completion, while a completed record may outlive its artifact;PRESERVE these crossings and attach a task-specific usability predicate. Do not infer artifact existence or correctness from structural completion validation and do not infer vanished bytes from decoder unavailability;../operations/trajectories.csv OPT016 OPT075 OPT078 OPT080 | ../governance/trajectories.csv GVT005 GVT083 | ../boundaries/trajectories.csv BDT064 | alignment.csv AL31
CF17;medium;GV05 BD05 GV09 OB22 BD35 BD34;Shared false evidence, malicious authority persistence and perfectly indistinguishable observations are not one discovered attractor. OB22 adds reinfection through updates/recovery, BD35 can merely retain authority through forged success, BD34 has no specified dynamics;ALIGN only qualified intersections. Require actual reuse/trust or reinfection edge, an independent corrective observation that can change decisions, and explicit controlled state. Agreement alone does not pull world truth toward error. Valid signatures do not establish benevolence;../governance/states.csv GV05 GV09 | ../observability/states.csv OB22 | ../boundaries/trajectories.csv BDT071 BDT075 | method-audit.md SK06 | alignment.csv AL27 AL57 AL58
CF18;medium;GV46 BD32 BD23 OP022;Successful local retirement or handoff is compatible with outstanding participant effects and delayed liabilities unless the service boundary includes them;KEEP local service cessation, usable permitted export, participant closure and observation-contract horizon separate. Do not upgrade GV46 to zero future effects or erasure of all remote copies;../governance/trajectories.csv GVT079 S179 | ../boundaries/trajectories.csv BDT067 S342 BDT068 S343 | alignment.csv AL53 AL56
CF19;medium;OP011 GV43 OP014 GV13 OB16 BD03;The fifteen source-supported coverage rows are evidence for narrow transitions or counterexamples, not current production sagas, event replay or complete scenario outcomes. Snapshot-local absence cannot prove no post-snapshot action;RETAIN source-supported fragments and peer design-only disclaimers. Bind claims to inspected functions and preconditions, preserve missing-tail uncertainty and compare material future implementations separately. No repository-wide absence or deployed behavior is established by the source sample;../../crates/factory-store/src/schema.rs 1-15 and factory-recovery/src/restore.rs reconcile re-read | ../operations/coverage.csv S037 S067 S073 S074 S076 | ../governance/coverage.csv S105 S111 S112 S114 S158 S191 | ../observability/coverage.csv S203 S245 S256 S260 | all four report.md evidence ledgers
