stressor,R01,R02,R03,R04,R05,R06,R07,R08,R09,R10,R11,R12,R13,R14,R15,R16
S001,1,1,0,0,0,0,0,0,0,0,0,0,0,0,0,0
S002,0,0,0,1,0,0,0,0,0,0,1,0,0,0,0,0
S003,0,0,0,0,0,0,1,0,0,0,0,0,1,0,0,0
S004,0,0,0,1,0,0,0,0,0,0,0,0,0,1,0,0
S005,0,0,0,0,0,0,0,0,1,0,1,0,0,0,1,0
S006,0,0,0,0,0,0,0,0,0,0,1,0,0,0,0,0
S007,1,0,0,0,1,0,0,0,0,0,0,0,0,0,0,0
S008,0,1,0,0,0,0,0,0,1,0,0,0,0,0,0,0
S009,0,0,0,0,1,0,0,0,0,0,0,0,0,0,0,1
S010,0,0,0,0,0,0,0,0,0,1,1,0,1,0,0,0
S011,0,1,0,0,0,0,1,0,0,0,0,0,0,0,0,0
S012,0,0,0,1,0,0,0,0,0,0,1,0,0,0,0,0
S013,0,0,0,1,0,0,0,0,0,0,0,0,0,0,0,1
S014,0,0,0,1,0,0,0,0,0,0,1,0,0,0,0,0
S015,1,1,0,0,0,0,0,0,1,0,0,0,0,0,0,0
S016,0,0,0,1,0,0,0,0,0,0,1,0,0,0,0,0
S017,0,0,0,0,0,0,0,0,0,0,1,0,0,0,0,0
S018,0,0,0,1,1,0,0,0,0,0,0,0,0,0,0,0
S019,0,0,0,1,0,0,0,1,0,0,0,0,0,0,0,1
S020,0,0,0,1,0,0,0,0,0,0,1,1,0,0,0,0
S021,0,0,0,0,0,0,0,0,0,0,0,0,1,0,0,0
S022,0,0,0,0,0,0,0,0,0,0,0,0,1,0,0,0
S023,0,0,0,0,0,0,0,0,0,0,0,0,1,0,0,0
S024,0,0,0,0,0,0,1,0,0,0,0,0,1,0,0,0
S025,0,0,0,0,1,0,0,0,0,0,0,0,1,0,0,0
S026,0,1,0,1,0,0,0,0,0,0,0,0,1,0,0,0
S027,0,0,0,0,0,0,0,0,1,0,0,0,1,0,0,0
S028,0,0,0,0,1,0,0,0,0,0,0,0,1,0,0,0
S029,0,0,0,0,0,0,0,0,0,0,0,0,1,0,0,0
S030,0,1,0,0,0,0,0,0,0,0,0,0,1,0,0,0
S031,1,0,0,0,0,0,0,1,0,0,0,0,0,0,0,0
S032,1,0,0,0,0,0,0,0,0,0,0,0,0,0,0,0
S033,1,0,0,0,1,0,0,0,0,0,0,0,0,0,0,0
S034,1,0,0,0,0,0,0,0,0,1,0,0,0,0,0,0
S035,1,0,0,0,0,0,0,0,0,0,0,0,0,1,0,0
S036,1,0,0,0,0,0,0,0,0,0,0,0,1,0,0,0
S037,1,0,1,0,0,0,0,0,0,0,0,0,0,0,0,0
S038,1,0,0,0,0,1,0,0,0,0,0,0,0,0,0,0
S039,0,0,0,0,0,0,1,0,0,1,0,0,0,0,0,0
S040,1,0,0,0,0,0,0,0,0,0,0,0,0,0,0,0
S041,0,0,0,0,0,1,0,0,0,0,0,0,0,0,0,0
S042,0,0,0,0,0,1,1,0,0,0,0,0,0,0,0,0
S043,0,1,0,0,0,1,0,0,0,0,0,0,0,0,0,0
S044,0,0,0,0,0,1,0,0,0,0,0,0,0,0,0,0
S045,0,0,0,0,0,1,0,1,0,0,0,0,0,0,0,0
S046,0,1,0,0,0,0,0,0,0,0,0,0,0,1,0,0
S047,0,0,0,0,0,1,1,0,0,0,0,0,0,0,0,0
S048,0,0,0,0,0,1,0,0,0,0,0,0,0,0,0,1
S049,0,1,0,0,0,0,0,0,1,0,0,0,0,0,0,0
S050,0,1,0,0,0,1,0,0,0,0,0,0,0,1,0,0
S051,0,1,0,0,0,0,0,0,1,0,0,0,0,0,0,0
S052,0,0,0,0,0,1,0,0,1,0,0,0,0,0,0,0
S053,0,0,0,0,0,0,0,0,1,0,0,0,1,0,0,0
S054,0,0,0,1,0,1,0,0,0,0,0,0,0,0,0,0
S055,0,0,0,0,0,1,0,1,0,0,0,0,0,0,0,0
S056,1,0,0,1,0,0,0,0,0,0,0,0,1,0,0,0
S057,0,1,0,1,0,0,0,0,0,0,0,0,0,0,0,0
S058,0,0,0,0,0,1,0,0,1,0,0,0,0,0,1,0
S059,0,0,0,0,0,0,0,1,0,1,0,0,0,0,0,0
S060,0,0,0,0,0,1,1,0,0,0,0,0,1,0,0,0
S061,0,0,0,0,1,0,0,0,0,0,0,0,0,0,0,0
S062,1,0,0,0,1,0,0,0,0,0,0,0,0,0,0,0
S063,1,0,0,0,1,0,0,0,0,0,0,0,0,0,0,0
S064,0,0,0,0,1,0,0,0,1,0,0,0,0,0,0,0
S065,0,1,1,0,0,0,0,0,0,0,0,0,0,0,0,0
S066,0,0,0,0,0,0,0,0,1,0,0,0,0,0,1,0
S067,0,0,0,1,0,0,0,0,1,0,0,0,0,0,0,0
S068,0,0,0,0,0,0,1,0,0,1,0,0,0,0,0,0
S069,0,0,0,0,1,0,0,0,0,0,0,1,0,0,0,1
S070,0,0,0,1,0,0,0,0,0,0,1,0,0,0,0,1
S071,0,1,0,1,0,0,0,0,0,0,0,0,0,0,0,0
S072,0,1,0,0,0,0,0,0,1,0,0,0,0,0,0,0
S073,1,0,1,0,0,0,0,0,0,0,0,0,0,0,0,0
S074,0,1,0,0,0,0,0,0,0,0,0,0,0,0,0,0
S075,0,0,0,1,1,0,0,0,0,0,0,0,0,0,0,0
S076,0,0,0,0,0,1,1,0,0,0,0,1,0,0,0,0
S077,1,0,0,0,0,0,0,0,0,1,0,0,0,0,0,0
S078,0,0,0,0,1,0,0,0,0,0,0,0,0,1,0,0
S079,0,0,0,0,1,0,0,0,1,0,0,0,0,0,1,0
S080,0,1,0,0,1,0,0,0,0,0,0,0,0,1,0,0
S081,0,1,0,0,0,0,0,0,1,0,0,0,0,0,0,0
S082,0,1,0,0,0,0,0,0,1,0,0,0,0,0,0,0
S083,0,0,0,0,1,0,0,0,1,0,0,0,0,0,0,0
S084,0,1,0,0,0,0,0,0,1,0,0,0,0,0,0,0
S085,0,1,0,0,0,0,0,0,1,0,0,0,0,0,0,0
S086,0,1,0,0,0,0,0,0,0,1,0,0,0,0,0,0
S087,0,1,0,0,0,0,0,0,1,0,0,0,0,1,0,0
S088,0,0,0,0,0,0,1,0,1,0,0,0,1,0,0,0
S089,0,0,0,0,1,0,0,0,1,0,0,1,0,0,0,0
S090,0,1,0,0,0,0,0,0,0,1,0,0,1,0,0,0
S091,0,0,0,0,0,0,1,0,0,1,0,0,0,0,0,0
S092,0,0,0,0,0,0,0,0,1,1,0,0,0,0,0,0
S093,0,1,0,0,1,0,0,0,0,1,0,0,0,0,0,0
S094,0,0,1,0,0,0,0,0,1,0,0,0,0,0,0,0
S095,1,0,0,0,0,0,0,1,0,0,0,0,0,0,0,0
S096,1,0,0,0,0,0,0,0,0,0,0,0,0,0,1,0
S097,0,0,0,0,1,0,0,0,0,1,0,0,0,0,0,0
S098,0,0,0,0,0,0,0,0,0,1,0,0,0,1,0,0
S099,1,0,0,0,0,0,0,0,0,1,0,0,0,0,0,0
S100,0,0,0,0,0,0,0,0,0,1,1,0,0,0,0,0
S101,0,0,0,0,1,0,0,0,0,0,0,0,0,1,0,0
S102,0,0,0,0,1,0,0,0,0,0,0,0,0,1,0,1
S103,0,0,0,0,0,0,0,0,1,0,0,1,0,0,1,0
S104,0,0,0,0,0,0,0,0,0,0,0,0,0,1,0,0
S105,0,0,0,1,0,0,0,0,0,0,0,0,0,1,0,0
S106,0,0,0,0,0,1,1,0,0,0,0,0,0,0,0,0
S107,0,0,0,0,1,0,0,0,0,0,0,0,0,1,0,0
S108,0,0,0,0,0,0,1,0,0,1,0,0,0,0,0,0
S109,0,0,0,0,1,1,0,0,0,0,0,0,0,0,0,1
S110,0,0,0,0,0,0,0,0,0,0,0,0,0,1,0,0
S111,0,0,0,0,1,0,0,0,0,0,0,0,0,0,0,0
S112,0,0,0,0,1,0,0,1,0,0,0,0,0,0,0,0
S113,0,0,0,0,0,0,0,0,0,0,0,1,0,0,0,0
S114,0,0,0,0,1,1,0,0,0,0,0,0,0,0,0,0
S115,0,0,0,0,1,0,0,0,1,0,0,0,0,0,0,0
S116,0,0,0,1,1,0,0,0,0,0,0,0,0,0,0,0
S117,0,0,0,0,1,0,0,0,0,0,0,0,0,0,1,0
S118,0,0,0,0,0,0,0,0,1,0,0,1,0,0,0,0
S119,0,0,0,1,0,0,0,0,0,0,0,0,0,0,0,1
S120,0,0,0,0,0,0,1,0,0,0,0,1,0,0,0,0
S121,0,0,0,0,0,0,0,0,0,0,0,0,0,0,1,0
S122,0,0,0,0,0,1,0,0,0,0,0,0,0,0,1,1
S123,0,0,0,0,0,1,0,0,1,0,0,0,0,0,1,0
S124,0,0,0,0,0,0,0,0,0,0,0,0,0,0,1,0
S125,0,0,0,0,0,1,0,0,1,0,0,0,0,0,0,0
S126,0,0,0,0,0,1,0,1,0,0,0,1,0,0,0,0
S127,1,0,1,0,0,0,0,0,1,0,0,0,0,0,0,0
S128,0,0,0,0,0,1,0,0,0,0,0,0,0,0,0,1
S129,0,0,0,0,0,0,0,0,0,0,1,0,0,0,1,0
S130,0,0,0,0,0,1,1,0,1,0,0,0,0,0,0,0
S131,0,0,0,1,0,0,0,0,0,0,0,1,0,0,0,0
S132,0,0,0,0,0,0,0,0,0,1,0,1,0,0,0,0
S133,0,0,0,0,1,0,0,0,1,0,0,1,0,0,0,0
S134,0,0,0,0,0,0,0,0,0,0,1,1,0,0,0,0
S135,0,0,0,0,1,0,0,0,0,0,0,0,0,0,0,1
S136,0,1,0,1,0,0,0,0,1,0,0,0,0,0,0,0
S137,0,0,0,0,0,0,0,0,0,0,1,1,0,0,0,0
S138,0,0,0,1,0,0,0,0,0,0,0,1,0,0,0,0
S139,0,0,0,1,0,0,0,0,0,0,0,1,0,0,0,1
S140,0,0,0,1,0,0,0,0,0,0,1,0,0,0,0,1
S141,0,0,0,0,0,0,1,0,1,0,0,0,0,0,0,0
S142,0,0,0,0,0,0,1,0,1,0,0,0,1,0,0,0
S143,0,0,0,0,0,0,1,0,0,0,0,0,0,0,0,0
S144,0,0,0,0,0,0,0,0,0,1,0,0,0,1,0,0
S145,1,0,0,0,0,0,1,0,0,0,0,0,0,0,0,0
S146,0,1,0,0,0,0,1,0,1,0,0,0,0,0,0,0
S147,0,0,0,0,0,0,0,0,0,0,0,0,0,0,1,1
S148,0,0,0,0,1,0,0,0,0,0,0,0,1,0,0,0
S149,0,0,0,0,0,0,0,0,0,0,1,0,0,0,0,1
S150,0,0,0,0,1,0,1,0,0,0,0,0,0,1,0,0
S151,0,0,0,0,0,1,0,0,0,0,0,0,0,0,0,1
S152,0,0,0,1,0,0,0,0,0,0,0,0,0,0,0,1
S153,0,0,1,0,0,0,0,0,0,0,0,0,0,0,0,1
S154,0,0,0,1,0,0,0,1,0,0,0,0,0,0,0,1
S155,0,0,0,0,0,0,0,0,0,0,1,0,0,0,0,1
S156,0,0,0,0,0,0,0,0,0,0,0,1,0,0,0,1
S157,1,0,0,0,0,0,0,0,0,0,0,0,0,1,0,1
S158,0,0,0,1,0,0,0,0,0,0,0,0,0,0,0,1
S159,0,0,0,0,0,1,0,0,0,0,0,0,0,0,0,1
S160,0,0,0,0,0,0,1,0,0,0,0,0,0,0,0,1
S161,0,0,0,0,0,0,0,0,0,1,1,0,0,0,0,0
S162,0,0,0,0,0,0,0,0,1,1,0,0,0,0,0,0
S163,0,0,0,0,1,0,0,0,1,0,0,1,0,0,0,0
S164,0,0,0,0,1,0,0,0,0,0,0,1,0,0,0,1
S165,0,1,0,0,0,0,0,0,1,1,0,0,0,0,0,0
S166,0,0,0,0,1,0,0,0,0,0,0,0,0,1,0,1
S167,0,0,0,0,0,0,0,0,1,1,0,0,0,1,0,0
S168,0,0,0,0,0,0,1,0,0,1,0,0,0,0,0,0
S169,0,0,0,1,0,0,0,0,0,1,0,1,0,0,0,0
S170,0,1,0,0,0,0,0,0,0,1,0,0,0,0,0,0
S171,0,0,0,0,0,1,1,0,0,0,0,0,0,0,0,0
S172,0,0,0,0,0,0,0,0,0,0,0,0,0,0,1,0
S173,1,0,1,0,0,0,0,0,0,0,0,0,1,0,0,0
S174,0,0,0,0,1,0,0,0,0,0,0,0,0,0,1,1
S175,0,0,1,0,0,0,0,0,0,0,0,0,0,0,1,1
S176,0,0,0,0,0,0,0,0,1,0,0,0,0,0,1,0
S177,0,0,0,0,0,0,0,0,0,0,0,0,0,0,1,0
S178,0,0,0,1,0,0,1,0,0,0,1,0,0,0,0,0
S179,0,0,0,0,1,0,0,0,0,0,1,0,0,0,0,1
S180,0,0,0,0,0,1,0,1,0,0,0,0,0,0,0,0
S181,0,0,0,0,0,0,0,0,0,0,1,0,0,0,0,0
S182,1,0,0,0,0,0,0,0,0,0,1,0,1,0,0,1
S183,0,0,0,0,1,0,0,0,0,0,1,0,0,0,0,1
S184,0,0,0,0,0,0,0,0,0,0,0,0,0,1,0,0
S185,0,0,1,0,0,0,0,0,1,1,0,0,0,0,0,0
S186,0,0,0,0,0,0,0,0,0,1,0,1,0,0,0,0
S187,0,0,0,0,0,0,0,0,0,0,1,0,1,0,1,0
S188,0,0,0,0,0,0,0,0,1,0,1,0,0,0,0,1
S189,0,0,0,0,0,0,0,0,1,1,0,1,0,0,0,0
S190,0,0,0,0,0,0,0,0,0,0,1,0,0,0,1,0
S191,1,1,0,0,0,0,0,0,1,0,0,0,0,0,0,0
S192,0,1,0,0,0,1,1,0,1,0,0,0,0,0,0,0
S193,1,0,0,0,0,0,1,0,0,1,1,0,0,0,0,0
S194,0,0,0,1,0,0,0,0,0,0,1,1,0,0,0,0
S195,0,0,0,0,1,0,0,0,0,0,0,0,0,1,0,0
S196,0,0,0,0,0,0,1,0,1,0,0,0,1,0,0,0
S197,0,1,0,0,0,1,0,0,1,0,0,0,0,0,0,1
S198,1,1,1,0,0,0,0,0,0,0,0,0,0,0,0,1
S199,0,0,0,0,0,0,0,0,0,0,1,0,0,0,0,1
S200,0,0,0,0,0,0,0,0,0,0,0,0,0,1,0,1
