stressor,residue,control,introduced,test
S001,R02,C03,A0,T03
S001,R01,C01,A1,T01
S002,R11,C21,A2,T12
S002,R04,C08,A2,T05
S003,R07,C13,A1,T08
S003,R07,C14,A2,T08
S003,R13,C26,A2,T14
S004,R14,C27,A1,T15
S004,R04,C08,A2,T05
S005,R11,C21,A2,T12
S005,R09,C18,A2,T10
S005,R15,C29,A0,T16
S006,R11,C21,A2,T12
S006,R11,C22,A3,T12
S007,R01,C01,A1,T01
S007,R05,C10,A2,T06
S008,R02,C03,A0,T03
S008,R02,C04,A1,T03
S008,R09,C18,A2,T10
S009,R05,C09,A1,T06
S009,R16,C32,A3,T17
S010,R11,C21,A2,T12
S010,R10,C19,A2,T11
S010,R13,C26,A2,T14
S011,R02,C03,A0,T03
S011,R07,C14,A2,T08
S012,R04,C07,A0,T05
S012,R04,C08,A2,T05
S012,R11,C21,A2,T12
S013,R04,C07,A0,T05
S013,R16,C31,A1,T17
S014,R11,C21,A2,T12
S014,R04,C08,A2,T05
S015,R01,C02,A2,T02
S015,R02,C03,A0,T03
S015,R09,C18,A2,T10
S016,R04,C08,A2,T05
S016,R11,C21,A2,T12
S017,R11,C22,A3,T12
S017,R11,C21,A2,T12
S018,R04,C07,A0,T05
S018,R05,C09,A1,T06
S019,R04,C07,A0,T05
S019,R08,C16,A2,T09
S019,R16,C32,A3,T17
S020,R04,C08,A2,T05
S020,R12,C24,A3,T13
S020,R11,C21,A2,T12
S021,R13,C25,A1,T14
S022,R13,C25,A1,T14
S022,R13,C26,A2,T14
S023,R13,C25,A1,T14
S023,R13,C26,A2,T14
S024,R13,C25,A1,T14
S024,R07,C13,A1,T08
S025,R13,C25,A1,T14
S025,R05,C09,A1,T06
S026,R02,C03,A0,T03
S026,R04,C07,A0,T05
S026,R13,C26,A2,T14
S027,R09,C18,A2,T10
S027,R13,C26,A2,T14
S028,R05,C09,A1,T06
S028,R05,C10,A2,T06
S028,R13,C26,A2,T14
S029,R13,C26,A2,T14
S029,R13,C25,A1,T14
S030,R13,C25,A1,T14
S030,R02,C03,A0,T03
S031,R01,C01,A1,T01
S031,R08,C15,A0,T09
S032,R01,C01,A1,T01
S032,R01,C02,A2,T02
S033,R01,C01,A1,T01
S033,R05,C09,A1,T06
S034,R01,C01,A1,T01
S034,R10,C19,A2,T11
S035,R14,C27,A1,T15
S035,R01,C01,A1,T01
S036,R01,C01,A1,T01
S036,R13,C26,A2,T14
S037,R01,C01,A1,T01
S037,R03,C05,A0,T04
S038,R01,C01,A1,T01
S038,R06,C12,A1,T07
S039,R07,C13,A1,T08
S039,R10,C19,A2,T11
S040,R01,C01,A1,T01
S040,R01,C02,A2,T02
S041,R06,C11,A0,T07
S041,R06,C12,A1,T07
S042,R06,C12,A1,T07
S042,R07,C14,A2,T08
S043,R06,C12,A1,T07
S043,R02,C03,A0,T03
S044,R06,C11,A0,T07
S044,R06,C12,A1,T07
S045,R08,C16,A2,T09
S045,R06,C11,A0,T07
S046,R02,C03,A0,T03
S046,R14,C27,A1,T15
S047,R06,C12,A1,T07
S047,R07,C14,A2,T08
S048,R06,C11,A0,T07
S048,R16,C32,A3,T17
S049,R02,C03,A0,T03
S049,R09,C18,A2,T10
S050,R02,C03,A0,T03
S050,R14,C27,A1,T15
S050,R06,C11,A0,T07
S051,R02,C03,A0,T03
S051,R09,C18,A2,T10
S052,R09,C18,A2,T10
S052,R06,C11,A0,T07
S053,R09,C18,A2,T10
S053,R13,C26,A2,T14
S054,R06,C12,A1,T07
S054,R04,C07,A0,T05
S055,R08,C15,A0,T09
S055,R06,C11,A0,T07
S056,R04,C07,A0,T05
S056,R13,C26,A2,T14
S056,R01,C01,A1,T01
S057,R02,C03,A0,T03
S057,R04,C07,A0,T05
S058,R06,C11,A0,T07
S058,R09,C17,A0,T10
S058,R15,C29,A0,T16
S059,R10,C19,A2,T11
S059,R08,C15,A0,T09
S060,R07,C13,A1,T08
S060,R06,C12,A1,T07
S060,R13,C26,A2,T14
S061,R05,C09,A1,T06
S061,R05,C10,A2,T06
S062,R01,C01,A1,T01
S062,R05,C10,A2,T06
S063,R01,C01,A1,T01
S063,R05,C10,A2,T06
S064,R05,C10,A2,T06
S064,R09,C17,A0,T10
S065,R03,C06,A2,T04
S065,R02,C03,A0,T03
S066,R09,C17,A0,T10
S066,R15,C29,A0,T16
S067,R09,C17,A0,T10
S067,R04,C07,A0,T05
S068,R07,C13,A1,T08
S068,R10,C19,A2,T11
S069,R16,C31,A1,T17
S069,R12,C24,A3,T13
S069,R05,C10,A2,T06
S070,R04,C08,A2,T05
S070,R11,C21,A2,T12
S070,R16,C32,A3,T17
S071,R02,C03,A0,T03
S071,R04,C07,A0,T05
S072,R02,C03,A0,T03
S072,R09,C18,A2,T10
S073,R03,C05,A0,T04
S073,R01,C01,A1,T01
S074,R02,C04,A1,T03
S074,R02,C03,A0,T03
S075,R05,C09,A1,T06
S075,R04,C08,A2,T05
S076,R06,C12,A1,T07
S076,R12,C23,A0,T13
S076,R07,C13,A1,T08
S077,R01,C01,A1,T01
S077,R10,C19,A2,T11
S078,R14,C27,A1,T15
S078,R05,C09,A1,T06
S079,R05,C09,A1,T06
S079,R09,C17,A0,T10
S079,R15,C29,A0,T16
S080,R02,C03,A0,T03
S080,R05,C09,A1,T06
S080,R14,C27,A1,T15
S081,R02,C03,A0,T03
S081,R09,C18,A2,T10
S082,R02,C03,A0,T03
S082,R09,C18,A2,T10
S083,R09,C18,A2,T10
S083,R05,C09,A1,T06
S084,R09,C18,A2,T10
S084,R02,C03,A0,T03
S085,R02,C03,A0,T03
S085,R09,C18,A2,T10
S086,R02,C03,A0,T03
S086,R10,C19,A2,T11
S087,R02,C03,A0,T03
S087,R09,C18,A2,T10
S087,R14,C27,A1,T15
S088,R09,C18,A2,T10
S088,R13,C26,A2,T14
S088,R07,C13,A1,T08
S089,R09,C18,A2,T10
S089,R12,C23,A0,T13
S089,R05,C10,A2,T06
S090,R02,C03,A0,T03
S090,R13,C26,A2,T14
S090,R10,C19,A2,T11
S090,R02,C34,offen,T03
S091,R10,C19,A2,T11
S091,R07,C13,A1,T08
S092,R10,C19,A2,T11
S092,R10,C20,A3,T11
S092,R09,C18,A2,T10
S093,R10,C19,A2,T11
S093,R02,C03,A0,T03
S093,R05,C09,A1,T06
S094,R03,C06,A2,T04
S094,R09,C18,A2,T10
S095,R01,C02,A2,T02
S095,R08,C16,A2,T09
S096,R15,C29,A0,T16
S096,R01,C01,A1,T01
S097,R05,C09,A1,T06
S097,R10,C19,A2,T11
S098,R10,C20,A3,T11
S098,R14,C28,A3,T15
S098,R14,C35,offen,T15
S099,R01,C01,A1,T01
S099,R10,C20,A3,T11
S100,R11,C22,A3,T12
S100,R10,C19,A2,T11
S100,R11,C21,A2,T12
S101,R05,C09,A1,T06
S101,R14,C27,A1,T15
S102,R05,C09,A1,T06
S102,R14,C28,A3,T15
S102,R16,C32,A3,T17
S103,R09,C17,A0,T10
S103,R12,C23,A0,T13
S103,R15,C29,A0,T16
S104,R14,C27,A1,T15
S104,R14,C28,A3,T15
S104,R14,C35,offen,T15
S105,R14,C27,A1,T15
S105,R04,C08,A2,T05
S106,R07,C13,A1,T08
S106,R07,C14,A2,T08
S106,R06,C12,A1,T07
S107,R05,C09,A1,T06
S107,R14,C28,A3,T15
S108,R07,C13,A1,T08
S108,R10,C19,A2,T11
S109,R05,C09,A1,T06
S109,R06,C12,A1,T07
S109,R16,C32,A3,T17
S110,R14,C28,A3,T15
S110,R14,C27,A1,T15
S110,R14,C35,offen,T15
S111,R05,C09,A1,T06
S111,R05,C10,A2,T06
S112,R05,C09,A1,T06
S112,R08,C16,A2,T09
S113,R12,C23,A0,T13
S113,R12,C24,A3,T13
S114,R05,C09,A1,T06
S114,R06,C12,A1,T07
S115,R05,C09,A1,T06
S115,R05,C10,A2,T06
S115,R09,C17,A0,T10
S116,R05,C09,A1,T06
S116,R04,C08,A2,T05
S117,R05,C09,A1,T06
S117,R15,C29,A0,T16
S117,R15,C30,A3,T16
S117,R15,C33,offen,T16
S118,R09,C17,A0,T10
S118,R12,C23,A0,T13
S119,R04,C08,A2,T05
S119,R16,C32,A3,T17
S120,R12,C23,A0,T13
S120,R12,C24,A3,T13
S120,R07,C14,A2,T08
S121,R15,C29,A0,T16
S121,R15,C30,A3,T16
S121,R15,C33,offen,T16
S122,R06,C11,A0,T07
S122,R16,C32,A3,T17
S122,R15,C30,A3,T16
S123,R09,C17,A0,T10
S123,R06,C11,A0,T07
S123,R15,C29,A0,T16
S124,R15,C29,A0,T16
S124,R15,C30,A3,T16
S124,R15,C33,offen,T16
S125,R09,C17,A0,T10
S125,R06,C11,A0,T07
S125,R06,C12,A1,T07
S126,R06,C12,A1,T07
S126,R12,C23,A0,T13
S126,R08,C16,A2,T09
S127,R01,C02,A2,T02
S127,R03,C06,A2,T04
S127,R09,C18,A2,T10
S128,R16,C32,A3,T17
S128,R06,C11,A0,T07
S129,R11,C21,A2,T12
S129,R11,C22,A3,T12
S129,R15,C30,A3,T16
S130,R07,C13,A1,T08
S130,R06,C12,A1,T07
S130,R09,C17,A0,T10
S131,R12,C24,A3,T13
S131,R12,C23,A0,T13
S131,R04,C08,A2,T05
S131,R12,C36,offen,T13
S132,R12,C24,A3,T13
S132,R10,C20,A3,T11
S132,R12,C36,offen,T13
S133,R05,C10,A2,T06
S133,R09,C17,A0,T10
S133,R12,C23,A0,T13
S134,R12,C24,A3,T13
S134,R11,C22,A3,T12
S134,R12,C23,A0,T13
S135,R16,C32,A3,T17
S135,R05,C09,A1,T06
S136,R02,C04,A1,T03
S136,R09,C18,A2,T10
S136,R04,C07,A0,T05
S137,R11,C21,A2,T12
S137,R12,C24,A3,T13
S137,R12,C36,offen,T13
S138,R12,C24,A3,T13
S138,R12,C23,A0,T13
S138,R04,C08,A2,T05
S138,R12,C36,offen,T13
S139,R16,C31,A1,T17
S139,R12,C24,A3,T13
S139,R04,C07,A0,T05
S140,R11,C21,A2,T12
S140,R04,C08,A2,T05
S140,R16,C32,A3,T17
S141,R07,C13,A1,T08
S141,R09,C18,A2,T10
S142,R07,C13,A1,T08
S142,R09,C18,A2,T10
S142,R13,C26,A2,T14
S143,R07,C13,A1,T08
S143,R07,C14,A2,T08
S144,R10,C19,A2,T11
S144,R10,C20,A3,T11
S144,R14,C28,A3,T15
S145,R07,C13,A1,T08
S145,R01,C01,A1,T01
S146,R07,C13,A1,T08
S146,R09,C18,A2,T10
S146,R02,C03,A0,T03
S147,R15,C29,A0,T16
S147,R16,C32,A3,T17
S148,R13,C26,A2,T14
S148,R05,C10,A2,T06
S149,R11,C22,A3,T12
S149,R16,C32,A3,T17
S149,R11,C21,A2,T12
S150,R14,C28,A3,T15
S150,R05,C09,A1,T06
S150,R07,C13,A1,T08
S151,R16,C32,A3,T17
S151,R06,C11,A0,T07
S152,R04,C07,A0,T05
S152,R16,C32,A3,T17
S153,R16,C31,A1,T17
S153,R03,C05,A0,T04
S154,R16,C32,A3,T17
S154,R08,C16,A2,T09
S154,R04,C07,A0,T05
S155,R16,C32,A3,T17
S155,R11,C22,A3,T12
S156,R16,C32,A3,T17
S156,R12,C23,A0,T13
S157,R01,C01,A1,T01
S157,R14,C28,A3,T15
S157,R16,C31,A1,T17
S157,R14,C35,offen,T15
S158,R16,C31,A1,T17
S158,R04,C07,A0,T05
S159,R06,C11,A0,T07
S159,R16,C32,A3,T17
S160,R16,C31,A1,T17
S160,R16,C32,A3,T17
S160,R07,C13,A1,T08
S161,R10,C19,A2,T11
S161,R10,C20,A3,T11
S161,R11,C22,A3,T12
S162,R09,C18,A2,T10
S162,R10,C20,A3,T11
S163,R05,C10,A2,T06
S163,R09,C18,A2,T10
S163,R12,C24,A3,T13
S164,R05,C09,A1,T06
S164,R12,C23,A0,T13
S164,R12,C24,A3,T13
S164,R16,C32,A3,T17
S165,R02,C04,A1,T03
S165,R09,C18,A2,T10
S165,R10,C20,A3,T11
S166,R05,C09,A1,T06
S166,R14,C28,A3,T15
S166,R16,C31,A1,T17
S167,R10,C20,A3,T11
S167,R14,C28,A3,T15
S167,R09,C17,A0,T10
S168,R07,C13,A1,T08
S168,R07,C14,A2,T08
S168,R10,C20,A3,T11
S169,R04,C07,A0,T05
S169,R12,C24,A3,T13
S169,R10,C20,A3,T11
S170,R02,C03,A0,T03
S170,R02,C34,offen,T03
S170,R10,C19,A2,T11
S171,R06,C11,A0,T07
S171,R07,C13,A1,T08
S171,R07,C14,A2,T08
S172,R15,C29,A0,T16
S172,R15,C30,A3,T16
S172,R15,C33,offen,T16
S173,R03,C06,A2,T04
S173,R01,C01,A1,T01
S173,R13,C26,A2,T14
S174,R05,C09,A1,T06
S174,R16,C32,A3,T17
S174,R15,C29,A0,T16
S175,R03,C06,A2,T04
S175,R15,C29,A0,T16
S175,R16,C32,A3,T17
S176,R15,C29,A0,T16
S176,R15,C30,A3,T16
S176,R09,C18,A2,T10
S177,R15,C29,A0,T16
S177,R15,C30,A3,T16
S177,R15,C33,offen,T16
S178,R04,C07,A0,T05
S178,R04,C08,A2,T05
S178,R11,C21,A2,T12
S178,R07,C13,A1,T08
S179,R05,C09,A1,T06
S179,R11,C22,A3,T12
S179,R16,C32,A3,T17
S180,R06,C11,A0,T07
S180,R08,C16,A2,T09
S180,R06,C12,A1,T07
S181,R11,C21,A2,T12
S181,R11,C22,A3,T12
S182,R13,C26,A2,T14
S182,R11,C22,A3,T12
S182,R16,C32,A3,T17
S182,R01,C02,A2,T02
S183,R05,C09,A1,T06
S183,R11,C22,A3,T12
S183,R16,C32,A3,T17
S184,R14,C28,A3,T15
S184,R14,C35,offen,T15
S184,R14,C27,A1,T15
S185,R03,C06,A2,T04
S185,R09,C18,A2,T10
S185,R10,C20,A3,T11
S186,R12,C24,A3,T13
S186,R12,C36,offen,T13
S186,R10,C20,A3,T11
S187,R11,C22,A3,T12
S187,R13,C26,A2,T14
S187,R15,C29,A0,T16
S188,R11,C22,A3,T12
S188,R16,C32,A3,T17
S188,R09,C18,A2,T10
S189,R10,C20,A3,T11
S189,R09,C18,A2,T10
S189,R12,C24,A3,T13
S189,R12,C36,offen,T13
S190,R11,C22,A3,T12
S190,R15,C29,A0,T16
S191,R01,C02,A2,T02
S191,R09,C18,A2,T10
S191,R02,C03,A0,T03
S191,R02,C34,offen,T03
S192,R06,C12,A1,T07
S192,R07,C14,A2,T08
S192,R09,C18,A2,T10
S192,R02,C03,A0,T03
S193,R01,C01,A1,T01
S193,R07,C13,A1,T08
S193,R10,C20,A3,T11
S193,R11,C22,A3,T12
S194,R04,C08,A2,T05
S194,R12,C24,A3,T13
S194,R12,C36,offen,T13
S194,R11,C21,A2,T12
S195,R05,C09,A1,T06
S195,R14,C28,A3,T15
S195,R14,C35,offen,T15
S195,R14,C27,A1,T15
S196,R07,C13,A1,T08
S196,R13,C25,A1,T14
S196,R07,C14,A2,T08
S196,R09,C17,A0,T10
S197,R02,C03,A0,T03
S197,R09,C18,A2,T10
S197,R16,C32,A3,T17
S197,R06,C11,A0,T07
S198,R16,C31,A1,T17
S198,R03,C06,A2,T04
S198,R01,C02,A2,T02
S198,R02,C03,A0,T03
S199,R11,C21,A2,T12
S199,R11,C22,A3,T12
S199,R16,C32,A3,T17
S200,R16,C31,A1,T17
S200,R14,C28,A3,T15
S200,R14,C35,offen,T15
