state_id;name;kind;conditions;feedback;entry;exit;survives;lost;falsifier;evidence;source_refs
OP001;Ordinary bounded processing or recovery;transient or ordinary completion;Readable authoritative records and available capacity with no unresolved effect or identity conflict;No self-sustaining failure loop stipulated. Finite work drains when service exceeds arrivals;Valid work is admitted or a finite interruption ends with sufficient evidence;Work finishes or a new perturbation moves it elsewhere;Committed task identity and readable inputs support remaining work. Verified outputs remain useful;Time during interruption and any uncommitted computation need not survive;Backlog grows after arrivals stop or completion requires evidence assumed available;SOURCE supports individual transactions only. QUALITATIVE bounded-drain assumption is not a measured attractor;C1 C2 C5
OP002;Local execution physically unavailable;externally maintained outage;Required machine or compatible runtime is unavailable and no usable substitute is active;No internal restoring or reinforcing loop. Unavailable hardware or power continuously maintains outage;Shutdown for battery safety or power loss or platform incompatibility;Replacement compatible execution with readable state and access. Data loss may instead lead to OP006;Off-device readable records and external completed work if they exist. Local disk may survive shutdown but is not usable yet;Live computation and local service availability. Durable data loss is not implied by outage alone;Work continues on an independent available machine with no dependence on failed device;QUALITATIVE physical availability reasoning. No hardware observation or deployment inventory;scenarios.csv S001 S002 S009 S010
OP003;Capacity-limited backlog;externally driven congestion;Continuing arrival rate exceeds effective service under throttling or provider limits. Queue retains work;Arrivals maintain backlog. Congestion alone is not an autonomous attractor and a finite wake-up burst should drain;Reduced service capacity or large accumulated backlog;Arrival reduction or restored service above arrivals. Dropping stale work also changes the workload rather than proving convergence;Queued durable requests and completed independent work if admission and storage remain bounded;Latency and deadline validity. Unbounded intake can additionally exhaust storage;Backlog fails to drain after input stops with healthy positive service and no retry generation;QUALITATIVE rate comparison. Scheduler and provider throughput not measured;scenarios.csv S003 S024 S060
OP004;Work-amplification trap;attractor hypothesis;Retries or newly created tasks generate more effective load than useful completion removes and overload causes further timeouts or recreations;More backlog raises latency which causes retries or duplicate tasks which enlarge backlog. Requires endogenous regeneration beyond the initial disturbance. Without a bounded recurrent high-load regime this is runaway growth not an established attractor;A finite burst crosses a timeout or task-reproduction threshold under a permissive retry policy;Stop endogenous generation or reduce reproduction below completion while preserving original identities. A hard budget may move to OP018 or OP031;Original durable work and some completed artifacts if queue and storage remain usable;Predictable progress and bounded resource use. Eventually records may become inaccessible if storage fills;After external arrivals stop the backlog reliably drains without policy or capacity change. No latency-to-generation link is observed;QUALITATIVE nonlinear-loop hypothesis only. No workload trace or executable model. Not empirically established;scenarios.csv S003 S024 S068
OP005;Accepted but invalid work product;persistent erroneous record;A semantically wrong result passes current validation and is stored or consumed without independent correction;No necessary dynamical attraction. Reuse may spread the error but persistence alone is a retained bad fact;Silent memory corruption or stale price or weak quality review enters accepted output;Independent validation supersedes the bad result and downstream uses are identified. Historical wrong decisions remain facts;Task records and unaffected artifacts. Their existence does not establish correctness of the compromised output;Confidence in result semantics and dependent decisions rather than necessarily all data;Independent comparison shows the output is correct or the validation rejects it before acceptance;SOURCE completion validates representation not task-specific correctness. QUALITATIVE propagation is conditional;C5 scenarios.csv S004 S028 S078 S098
OP006;Only recoverable information destroyed;absorbing loss relative to stated inventory;All copies of particular required information including accessible keys are gone and no independent reconstruction source exists;No feedback needed. Information destruction is absorbing only relative to the explicit closed inventory;Co-located copies destroyed or last retained content deleted or all unique decryption information lost;No exact recovery within the stated inventory. Discovery of an independent copy refutes the inventory rather than reverses destruction;Only independently retained unrelated records and external evidence not destroyed;Exact lost content and any reconstruction that requires it. Not automatically every company capability;A readable independent copy or complete independent reconstruction is found;QUALITATIVE information argument. Backup inventory and actual destruction are not observed;scenarios.csv S006 S017 S020
OP007;Authority and confidentiality compromised;persistent exposure with unresolved damage extent;Unlocked stolen device or untrusted caller has effective access beyond intended authority;Continuing access allows further actions while retained credentials remain accepted. Actual attacker behavior is not stipulated;Theft or authentication bypass or unintended reachable listener plus exploitable access;Authority is invalidated and trusted administration restored. Already disclosed information cannot be made secret again;Independent trusted copies and evidence held outside compromised authority if present;Trust in actions under exposed identity and potentially confidentiality. Extent cannot be inferred from reachability alone;Access was cryptographically unavailable or no unauthorized capability can be exercised in the stated configuration;QUALITATIVE conditional breach. DESIGN authentication boundary is not an implemented end-to-end proof;D1 section 9 D2 section 7 scenarios.csv S005 S058 S066
OP008;Mutation cannot commit;resource-maintained wait;Durable write cannot succeed due to unavailable storage or exhausted required resources and writer invocation is ordered after successful intent commit;No internal positive feedback required. Persistent resource failure keeps repeated admission attempts failing;Disk-full or disconnected volume before a required transaction completes;Storage becomes writable and a fresh attempt is validated. If a writer already ran use OP014 or OP022 instead;Previously committed readable records and independent read-only work. No new intent is claimed durable;New mutation availability and uncommitted changes. Existing data need not be lost;Writer is invoked even though its prerequisite transaction failed on the inspected path;SOURCE deliver propagates commit errors before write_prompt. Storage survival is a hardware assumption;C1 deliver C8
OP009;Canonical reconstruction unavailable;compatibility or integrity hold;Required historical facts cannot be read or decoded reliably and reconstruction stops rather than fabricating them;No attracting loop. Repeated deterministic attempts fail at the same incompatibility or damaged input until something changes;Corrupt canonical event or unsupported payload or genuinely inconsistent database;Readable validated original content or compatible decoder. Exact missing facts may instead imply OP006;Unaffected readable records and independent artifacts. Complete replay is not available;Ability to claim a complete reconstructed history past the failing point;The same verified inputs replay fully without unsupported guessing or changing semantics;DESIGN deterministic replay stop at cursor. Current relational migration library is not an implemented event reducer;D1 sections 6-7 C9
OP010;History depends on current registry;persistent divergent interpretation;Replay uses mutable present-day registry rather than historical values and those values affect reduction;Different registry inputs reproduce different outputs from the same log. This is input dependence not proof of dynamical convergence;Historical replay reads today's renamed or moved scope;Historical values are recovered and a pure replay reproduces stable output. If those values were never retained exact history stays unknown;Raw retained events and unaffected source content if intact;Trust in reconstructed historical authorization or routing and comparisons across replays;Changing today's registry while replaying identical events never changes the result for the supposedly dependent transition;DESIGN forbids mutable reducer inputs. QUALITATIVE counterexample assumes a reducer violating that promise;D1 sections 6-7 scenarios.csv S018
OP011;Restored history has an unseen tail;information-starved wait or latent divergence;Snapshot is older than real actions and later attempts or effects are absent from restored records;Repeated local inspection cannot recover omitted facts. Resending may create OP023 rather than supply knowledge;Old restore or missing WAL produces apparently queued tasks whose later delivery is not represented;Independent post-snapshot journal or participant evidence resolves the gap. Otherwise explicit uncertainty persists;The snapshot prefix and independently retained artifacts. Queued status in the prefix is not proof of never delivered in reality;Knowledge of later attempts and effects and safe inference from absent rows;Snapshot plus verified journal covers every later attempt or the participant proves none occurred;SOURCE restore acts only on rows present and leaves queued-without-attempt eligible. QUALITATIVE absent-tail hazard;C2 reconcile C7 scenarios.csv S014 S015 S095
OP012;Recorded result outlives its bytes;partial information loss;Task or event retains an artifact path but referenced bytes are absent changed or collided on restore;No self-repair from a path string. Repeated reads return missing or different bytes until a separate source appears;Manual artifact deletion or later overwrite or lossy file export;Restore verified original bytes or explicitly supersede the result. If no copy exists the lost content is OP006;Task identifiers summaries paths and other surviving artifacts. A path is useful evidence of intention but not the old content;The exact referenced result and ability to verify conclusions depending on it;Content at the reference remains immutable and matches a retained original integrity value;SOURCE task completion stores path strings without inspecting bytes. DESIGN immutable references are stronger;C5 validate_result C6 Task D1 section 6
OP013;Intact material inaccessible to owner;access-recovery wait;Readable storage or encrypted backups exist but all currently usable owner access or decryption paths are absent;No endogenous loop required. Recovery instructions behind the same inaccessible boundary reproduce the dependency;Lost key or credentials with intact ciphertext or instructions trapped on the sole device;Independent key escrow or account recovery or an independently readable instruction path. Proven absence of all key material may mean OP006;Intact ciphertext and external records retain potential value but cannot currently serve the owner;Operational access not necessarily underlying bits. Time-sensitive work may expire;An independent valid recovery path is already usable with the stated surviving resources;QUALITATIVE dependency analysis without inspection of real credentials or backups;scenarios.csv S017 S100
OP014;Possibly delivered prompt held for decision;policy hold under delivery uncertainty;A delivery attempt is durable but prompt receipt is unknown or a restored task may already have run;Repeated ordinary deliver calls exhaust the unchanged authorization budget and refuse. This is an imposed safety fixed point not an attractor;Crash between attempt commit and outcome recording or restored running/attempted task;Independent receipt/result evidence or an explicit further authorization after considering old work. Authorization alone does not prove duplication safe;Attempt identity prompt task and known assignment if retained. Human can inspect the record without sending again;Automatic progress and knowledge whether prompt actually reached worker;A repeated deliver with no new authorization calls the writer again on the inspected path;SOURCE deliver and authorise_resume plus restore reconcile. No external participant guarantee follows;C1 C2
OP015;Workspace reserved with uncertain occupant;information-starved lease wait;Session is disconnected and lease remains while identity or liveness cannot be positively reconciled;Lease exclusion prevents a second managed start but supplies no new observation. Persistence depends on absent evidence or human decision;Observer loss or restore of lease-holding session;Same live session is authoritatively correlated or old writers are positively accounted for before release. Premature release may enter OP016;Recorded session identity workspace and durable lease. Independent workspaces may remain usable;Managed reuse of that workspace and trustworthy live status. Existing harness may still make progress;Disconnected sessions automatically relinquish the lease or another managed start succeeds for the same stable file identity;SOURCE restore retains leases and begin_start checks aliases. Broader process-tree evidence not demonstrated;C2 C10 C4
OP016;Untracked or overlapping writers;conditional ongoing conflict;A process retains write capability while Factory believes it stopped or a human/replacement also edits the same workspace;Ongoing writers overwrite or invalidate one another's assumptions. Continued conflicting activity is required so this is not automatically autonomous;Orphan process or premature recovery recreation or manual pane replacement followed by reuse;All writers are accounted for and work is reconciled before exclusive reuse. Already overwritten data may remain lost;Separate unmodified files durable task journal and recoverable versions if present;Exclusive workspace semantics and attribution of file changes. Terminal absence does not establish process absence;No surviving process can write after the alleged stop and no overlapping human edits occur;SOURCE recovery can presume gone without authoritative identity. QUALITATIVE OS/process and human-write branches;C4 reconnect_after_herdr_or_machine_restart scenarios.csv S038 S096 S099
OP017;Permission or approval pending;policy hold;Required authorization is absent expired or bound to a different proposed action and the boundary actually checks it;No autonomous attraction. Repeated attempts without a changed valid authorization remain inadmissible;Worker permission question or approval expiration before acceptance or changed invoice/report payload;Authorized actor reviews the exact current effect or cancels it. Past acceptance cannot be undone by local approval changes;Task inputs pending intent and prior audit evidence. Independent already authorized work may continue;Progress on gated effect not necessarily data or all worker availability;The supposedly checked boundary accepts an absent expired or mismatched approval;SOURCE blocked assignments stay occupied. External content-bound approval checks remain DESIGN/QUALITATIVE;C3 D1 section 8 scenarios.csv S027 S039 S083 S089
OP018;Plugin activation quarantined;policy hold with degraded capability;Supervisor enforces bounded restart/protocol-failure budget for one activation and isolates optional failures;Failures consume a finite budget then automatic restart stops. Operator retry is an external reset not endogenous healing;Repeated crash malformed protocol or manifest mismatch reaches supervisor failure path;Validated configuration or executable change and explicit operator retry. Repeating the same defective activation may re-enter;Core local records and other enabled capabilities if isolation and local transport work;Affected plugin capability and its queued operations. In-flight outcome can remain OP022 independently;Activation restarts forever after the configured budget or optional failure prevents safe-mode startup;DESIGN lifecycle only. No plugin-host crate observed in inspected workspace layout;D2 sections 1-4
OP019;Restart without useful service;policy-driven cycle;An automatic restart policy repeatedly launches the same failing plugin and resets or lacks a finite budget;Crash triggers restart which re-executes the defect and crashes. Policy provides the recurrence after the original trigger;Deterministic startup defect plus unbounded automatic retries or manual resets;Budget exhaustion enters OP018 or the defect/configuration changes;Core records if process isolation and resource bounds hold. Some diagnostics may survive;Plugin business progress and resources consumed by restart/log churn;Same activation reaches stable ready service or a non-resetting budget stops the cycle;DESIGN bounded budget would prevent infinite automatic cycling. Unbounded/resetting policy is QUALITATIVE alternative;D2 section 4 scenarios.csv S044
OP020;Apparently live dependency makes no business progress;externally or defect-maintained stall;Health requests succeed but relevant operations never finish or provider continues rejecting them;Health success may preserve routing while business deadlines generate repeated stuck work. A growth loop additionally needs OP004 assumptions;Plugin business deadlock or multi-day rate limit with continuing attempted dispatch;Business path recovers or dispatch stops and pending outcomes are reconciled. A health response alone is not an exit;Local task records and unaffected business paths. Accepted remote work may remain uncertain;Progress for affected operations and adequacy of health as a readiness proxy;Representative business requests complete under the same conditions without intervention;QUALITATIVE liveness distinction. DESIGN bounds health checks but does not prove business health from them;D2 section 4 scenarios.csv S043 S060
OP021;Partial service with independent local work;degraded operation;Failed optional capability is not on every useful work path and core plus local access remain healthy;No failure attraction. Continued absence of the optional component maintains partial service while independent work completes;HTTP transport failure or isolated optional plugin rejection or bounded slow-client disconnect;Capability restored or task routing explicitly accepts permanent absence;Local inspection task records and operations not depending on failed plugin or remote client;Specific remote channel subscription or optional business operation only;Every useful task or local recovery actually depends on the allegedly optional failed component;DESIGN scope activation safe mode and transport isolation. No running daemon failure test performed;D2 sections 1 and 6 scenarios.csv S045 S054 S055
OP022;External acceptance unknown;information-starved wait;Forward intent exists but participant acceptance or durable outcome cannot be established after lost response dishonest acknowledgment or erased history;Repeated local reads cannot resolve remote truth. Safe refusal retains uncertainty whereas blind retries may create OP023;Partition or plugin crash after possible external acceptance or unavailable reconciliation history;Participant evidence resolves committed/not-committed or explicit human disposition records remaining uncertainty. A timeout alone is not evidence of failure;Durable intended operation identity input reference and any independently recorded participant receipts under the design;Knowledge of effect count and safe next action. Local intent is not proof of participant durability;A durable authoritative participant outcome is already available and unambiguously tied to this operation;DESIGN saga journal/reconcile promise. QUALITATIVE communication ambiguity not observed production behavior;D1 section 8 D2 section 5
OP023;Duplicate business effects retained;persistent external damage or excess work;Two accepted effects represent one intended business action because semantic identity was lost ignored or never shared;No necessary feedback after the duplicates. A repeated-retry loop is a separate condition rather than a property of duplicate charges;Blind retry after unknown outcome or two independent tasks order the same product;Participant-supported cancellation/refund or explicit business acceptance of duplicates. Irreversible messages remain delivered;Task and participant evidence that actually survived and correctly completed unrelated work;One-effect business intent and possibly money inventory or recipients' attention;Participant evidence shows only one accepted effect despite every relevant retry/task identity;QUALITATIVE participant behavior. DESIGN idempotency is per intended mutation and cannot imply semantic deduplication across distinct tasks;D1 sections 2 and 8 D2 section 5
OP024;Observer reports a stale or misleading reality;persistent observer divergence;Client or adapter continues exposing old status or weak observations as current without authoritative refresh;Cached reads repeat the same misleading view. Operator action based on it can amplify damage but is not inevitable;Disconnected client cache weak screen status or old restore opened without reconciliation;Fresh correlated authoritative state with clear observation position. Actual historical gaps remain OP011;Real core progress and intact local records can continue independently of the stale display;Observer's ability to decide liveness completion or safe reuse from the displayed value;Observer displays explicit staleness or refreshed cursor and does not claim the cached value is current;SOURCE Pi adapter suppresses weak task signals. Cache behavior is QUALITATIVE and transport cursors are DESIGN;C11 D1 sections 3-4 scenarios.csv S056 S095
OP025;Identity points to the wrong object;persistent misassociation;A reused pane path name or installation identity is treated as the original despite a different underlying actor or directory;Repeated routing through the stale association reproduces wrong attribution. It does not imply a self-correcting or attracting state;Missing UUID fallback directory replacement case collision or mutable name retargeting;Independent stable identity reconciliation and explicit resolution of already misrouted work;Durable original IDs and evidence outside the bad association if retained;Attribution intended routing and authority context. Content may survive at an unintended destination;Identity mismatch is rejected before mutation or the supposedly replaced object is demonstrably identical;SOURCE missing harness UUID fallback accepts identity comparison. Other identity substitutions are QUALITATIVE branches;C4 identifies_same_session C10 scenarios.csv S061 S062 S070
OP026;Guarded request refused without new effect;ordinary rejection endpoint;Request goes through a guard with required identity and transaction assumptions intact;No feedback or attraction. Repeating the same invalid request repeats rejection but does not create useful work;Looping delegation occupied worker aliasing lease invalid result shape or invalid principal is detected;Submit a materially valid authorized request or leave the rejected request finished;Existing tasks assignments leases and readable evidence. Other valid work may continue;Only the requested transition. Rejection is not itself a surviving business artifact;The inspected guarded request mutates the protected state before returning its refusal;SOURCE delegation assignment completion and lease guards. End-to-end authentication is DESIGN only;C3 C5 C10 C12 D1 section 9
OP027;Effect accepted outside the approved meaning;persistent authorization failure;Participant accepts different content price target or timing from what the human actually authorized;No recurrence is required. Later retries or refreshes may propagate mismatch only if policy permits them;Payload changes after approval or stale price is repriced or cancellation loses the acceptance race;Record exact accepted effect and seek business-specific remedy or a new decision. Never relabel old approval as authorization for changed content;Original approval intent and participant receipts if retained plus unrelated work;Consent fidelity and possibly confidentiality money or contractual intent;Accepted payload hash terms and acceptance moment all satisfy the actual scoped approval;QUALITATIVE race and semantic-binding hypothesis. External approval-binding implementation was not found in sampled crates;D1 section 8 scenarios.csv S027 S083 S088 S089
OP028;Irreversible effect already happened;ordinary completed effect with possible regret;Participant has definitely accepted an effect that has no meaningful inverse;No feedback. Persistence is the nature of completed delivery or acceptance not an attractor;Known email delivery or accepted action preceding local revocation;Only a new mitigating business action where available. The original fact remains true;Delivered work and authoritative receipt if available plus forward audit history;Ability to make the original event never have occurred. Local cancellation cannot recover that;Participant demonstrates that acceptance was provisional and an exact abort prevented the effect;DESIGN explicitly distinguishes irreversible from compensatable. Actual provider contract remains conditional;D1 section 8 scenarios.csv S082 S084
OP029;Compensation cannot finish;manual-intervention or information wait;A known forward effect exists and inverse/mitigation repeatedly fails or lacks retained preconditions;Unchanged failing compensation reproduces failure until participant state policy or evidence changes. Infinite automatic retry needs an extra policy assumption;Compensation failure or missing operation history/precondition data;Operation-specific verified mitigation or explicit acceptance of unresolved business state;Forward evidence and compensation attempts if durably recorded. Other independent saga steps may survive;Claim of completed rollback and possibly business progress until disposition;Compensation is proven successful with matching postconditions under unchanged preconditions;DESIGN compensation_failed/manual_intervention states. No actual saga runner behavior measured;D1 section 8
OP030;Compensation damages newer work;persistent divergent external state;Inverse acts on a value changed since the forward step or declared inverse is lossy;No attracting feedback required. Another blind repair may worsen divergence but is a further assumption;Stale compensation overwrites human edits or a dishonest reversible operation discards data;Recover independently retained newer version or business-specific remediation. Unique destroyed data enters OP006;Forward/compensation audit evidence and unaffected external records if retained;Newer legitimate work and the claim that inverse restores the business state;Version-precondition rejects the inverse or verified before/after comparison proves exact preservation of intervening edits;DESIGN requires preconditions and tested compensation. Harmful inverse is QUALITATIVE violation branch;D1 section 8 scenarios.csv S050 S085
OP031;Decision service has no effective operator;human-dependent wait;Work requires a human who is absent uninformed or unable to interpret the blocker and no competent authorized substitute is available;No autonomous attraction. Repeated escalation to the same unavailable knowledge holder produces no new decision;Sole operator offline opaque blocker unfamiliar replacement or inaccessible recovery;Competent authorized person obtains the needed context and decides or work is cancelled. Mere dialog acknowledgment is not evidence of comprehension;Queued work intent records and independent authorized tasks. Useful handover evidence survives only if actually retained;Progress on human-dependent work and time-sensitive opportunities;A competent authorized substitute resolves the case from the retained information without the allegedly exclusive owner;QUALITATIVE socio-technical dependency. Task blocking records alone do not establish a usable handover;scenarios.csv S091 S093 S097 S100
OP032;Alarm-driven approval degradation;attractor hypothesis;More failures generate more dialogs while limited human attention reduces review quality and wrong approvals cause additional failures;Incident load increases reflex acknowledgment which admits bad changes which increases incident load. Both causal links must be present;Finite alarm burst exceeds meaningful review capacity under an acknowledgment-as-approval workflow;Reduce incident generation or separate unreviewed load from binding decisions so error-driven arrivals fall below resolution;Raw task intent and any independent evidence not destroyed. Dialog counts are not validated decisions;Reliable human judgment and potentially trust in approval evidence;After an initial burst alarm load subsides without changing workflow or approved errors do not create new alarms;QUALITATIVE feedback hypothesis with no behavioral data. Not an established human or Factory attractor;scenarios.csv S092
OP033;Remote control unavailable while local state may live;externally maintained access outage;All operator remote paths are unavailable but local daemon/harness or disk remains independently functional;Network or credential unavailability maintains lack of control. Internal work need not stop and may deepen unobserved external commitments;Remote network paths fail together or operator lacks physical access;Independent trusted local access or restored remote path with refreshed state before action;Local committed records and autonomous already-authorized processing if healthy;Remote inspection and intervention. Not necessarily task progress or local IPC;An independent authorized reachable control path exists under the same failure assumptions;QUALITATIVE shared-failure-domain analysis. DESIGN local IPC helps only a person who can reach the machine;D2 section 1 scenarios.csv S059 S010
OP034;Work bytes exist but no accepted completion;information-starved result wait;Worker produced a file but result commit was absent rejected or not attributable to the current run;Task remains nonterminal while repeated status reads cannot validate orphan bytes. No autonomous convergence follows;Worker death before completion or oversized/empty result rejected or intermediate harness done;Correlated artifact verification and an authorized valid completion or explicit failure. If bytes disappear use OP012;Artifact bytes if durable and readable plus task attempt identity. Neither guarantees result quality;Accepted final result and dependable lifecycle cleanup. Work need not be recomputed if evidence is sufficient;An already committed valid result or reliable automatic verified reconciliation exists for the stated orphan artifact;SOURCE completion checks and adapter non-completion signals. Artifact reconciliation remains conditional;C5 C11 scenarios.csv S080
OP035;Cancelled record with potentially continuing delivery;cross-boundary lifecycle inconsistency;Cancel interleaves after attempt commit but before writer invocation while task is still queued and no caller-wide serialization prevents it;No attraction. Terminal local status does not stop the later nontransactional writer and may conceal ongoing physical work;Queued cancel commits cancelled and delivery then invokes its already prepared writer;Correlate actual receipt and any worker effects then record an explicit disposition. Current authorise_resume cannot directly resume a cancelled task;Cancellation record and delivery attempt survive if both commits are durable. Existing independent work remains useful;Claim that cancelled means no prompt can still be emitted and clear attribution of later effects;A mandatory caller lock or status check prevents writer invocation after cancellation at this exact cut point;SOURCE writer gap and queued cancel bodies support the interleaving only. No integrated race executed and manual writer merely renders a prompt;C1 deliver C6 cancel scenarios.csv S072
