trajectory_id;stressors;initial_state;sequence;destination_states;conditions;evidence;falsifier
OPT001;S001;Queued or assigned task with no attempt yet versus task between intent commit and writer result;Power fails -> before successful attempt commit no writer call on this path -> OP002 then OP001 if readable state returns. After attempt commit -> receipt uncertain -> recovery/authorization hold OP014. Lost storage instead can reach OP006;OP002 OP001 OP014 OP006;SQLite and hardware must honor committed durability. Cut position and surviving copies determine branch. Hold does not imply prompt was delivered;SOURCE C1 deliver orders two commits around writer and C8 requests FULL WAL. QUALITATIVE power-loss durability and inventory;A writer call precedes a failed attempt commit or a no-new-authorization retry writes again. Independent receipt evidence disproves continued uncertainty
OPT002;S002;Only active machine has live workers and a readable disk before emergency shutdown;Unsafe battery forces shutdown -> OP002. If storage is readable on safe replacement then inspect old attempts -> OP014 for possible delivery or OP001 for unattempted work. If all required unique data is destroyed -> OP006;OP002 OP014 OP001 OP006;Safe shutdown is stipulated not performed. No assumption that a battery fault destroys disk or that backup is accessible;QUALITATIVE physical branches with SOURCE C1/C2 for later record handling;A usable independent execution machine already handles all affected work or readable disk plus evidence eliminates ambiguous attempts
OPT003;S003;Tasks arrive below nominal capacity and deadlines were calibrated without thermal throttling;Thermal slowdown -> if finite work and no timeout recreation then delayed OP001. Sustained arrivals above reduced service -> OP003. If timeout causes duplicate/restarted work whose load worsens timeout -> possible OP004 even after initial heat ends;OP001 OP003 OP004;Feedback branch requires latency-sensitive retries and effective reproduction exceeding useful completion. Wrong estimates alone do not prove overload;QUALITATIVE capacity and feedback assumptions only;After heat and external arrivals stop backlog always drains with unchanged retry policy or no retry generation responds to latency
OPT004;S004;Worker computes a result whose semantic correctness is not independently verified;Silent RAM corruption -> valid-shaped wrong result can be committed -> OP005. Independent recomputation catches mismatch -> OP026 rejection then OP001 after a verified rerun. Corruption in a transient unused buffer has no persistent effect;OP005 OP026 OP001;Affected bits must influence accepted content. SQLite integrity is not semantic validation of an agent result;SOURCE C5 checks result shape and byte sizes not domain truth. QUALITATIVE hardware corruption;Independent retained expected output matches the accepted result or validation rejects the corrupt result before consumers use it
OPT005;S005;Sole Mac is unlocked and contains local state and active authority;Theft -> legitimate local execution/control unavailable OP002 and attacker-access branch OP007. If independent backups and revocable authority exist recovery may resume OP001 after trust is restored. Unique lost local-only information may be OP006;OP002 OP007 OP001 OP006;Unlock does not quantify which credentials or external effects attacker can exercise. Backup and revocation paths are unknown;QUALITATIVE threat and availability analysis. No real secrets or host access inspected;Device services require independent inaccessible credentials and owner retains all required readable copies and functioning alternative execution
OPT006;S006;Device and adjacent backup are the only copies of some required information;Fire destroys both -> OP006 for that information. If a readable geographically independent copy exists -> OP002 then OP011 for any unrecorded later tail and OP001 for unaffected recoverable work;OP006 OP002 OP011 OP001;Only-copy inventory is the basin for absorbing loss. Proximity creates correlated destruction not two independent recoveries;QUALITATIVE inventory reasoning and SOURCE C2 limitations for restored prefix;A verified independent copy includes the supposedly unique content and all later effects needed for recovery
OPT007;S007;Scope canonicalization reads a directory on a removable SSD before reservation or later access;SSD disconnect -> resolution or commit fails -> OP008/OP026 without new reservation if failure is before admission. If validation had succeeded and a path is later rebound -> possible OP025. Stable reconnection permits OP001 after identity is checked;OP008 OP026 OP025 OP001;Exact disconnect point and whether storage hosts the database or only workspace matter. A path lookup error is not evidence of data destruction;SOURCE C10 begin_start reads FileId before transaction and later scans aliases. QUALITATIVE removable-device race outside inspected interval;The allegedly admitted reservation is absent after a failed validation or post-reconnect identity proves the same directory without substitution
OPT008;S008;Approval interaction is in progress with decision not yet durable or effect possibly already accepted;macOS restart -> OP002. Uncommitted approval does not authorize work -> OP017. Durable prompt attempt with unknown receipt -> OP014. External acceptance before restart -> OP022 until evidence or OP028 if irreversible acceptance is known;OP002 OP017 OP014 OP022 OP028;Approval persistence and participant acceptance are separate cut points. Restart does not itself renew or revoke approvals;SOURCE C1 prompt cut point. DESIGN D1 section 8 external intent and irreversible effect. QUALITATIVE approval interaction;Durable matched evidence fixes both approval and participant outcome across the restart so no stated uncertainty remains
OPT009;S009;Readable local state depends on a runtime built for the old platform;Replacement architecture cannot execute required runtime -> OP002. Portable data plus available compatible build/adapters -> OP001 after inspection. Data may remain intact even if no feasible runtime port is known;OP002 OP001;Instruction-set incompatibility alone does not establish data-format incompatibility. Exact replacement OS and adapter support are missing;QUALITATIVE platform-availability branches. No build or emulator experiment;Required binary and all runtime dependencies execute unchanged on the replacement with verified state readability
OPT010;S010;Single residence supplies local execution and operator network for a week-long interval;Power and internet absent -> OP002 and remote-control loss OP033. Independent powered replica with valid nonoverlapping authority could sustain OP001. On return finite queued work drains or service below arrivals yields OP003 and old effects may need OP022;OP002 OP033 OP001 OP003 OP022;No replica is assumed present or safe to start. Finite duration means outage is externally maintained not an autonomous attractor;QUALITATIVE shared physical failure and post-outage load reasoning;Already independent powered reachable service keeps every relevant path live and no delayed or unknown work accumulates
OPT011;S011;Delivery is about to persist its prerequisite attempt on a full SSD;Intent transaction fails -> writer is not called -> OP008. Restoring writable capacity allows a later validated attempt -> OP001. Prior unrelated accepted effects remain a separate question;OP008 OP001;Scenario is explicitly before intent commit. Different result if disk fills after writer. Existing readable data is assumed intact;SOURCE C1 deliver uses commit error propagation before write_prompt. C8 durability settings do not create free space;Instrumented isolated writer is called despite failed prerequisite commit on the same path
OPT012;S012;Historical canonical event is needed to rebuild state;Bitrot -> detectable decode/integrity failure leads to OP009 under promised replay stop. If corruption remains valid and undetected it can produce OP005 or wrong derived history. Exact sole content destruction implies OP006 only if no independent reconstruction exists;OP009 OP005 OP006;No implemented event reducer was established. Detection method and which content the old event controls are unknown;DESIGN D1 sections 6-7 replay and retained facts. QUALITATIVE valid-looking corruption counterbranch;Verified independent event copy reproduces original history or corruption is irrelevant to all affected reductions
OPT013;S013;A schema migration is running inside its managed transaction versus unmanaged table edits;Interruption within managed migration -> transaction rollback on reliable SQLite recovery -> OP001 from old or fully committed new schema. Truly persistent half-schema after an unmanaged/nontransactional change -> OP009 until repaired from valid history;OP001 OP009;A process stopping halfway through statements is not proof that half the migration commits. Crash and driver durability assumptions remain explicit;SOURCE C9 apply uses rusqlite_migration to_latest and foreign-key checks for rebuilds. Not proof of future projection migration behavior;Isolated interruption through the actual managed path leaves a persistent half-applied schema despite successful database recovery
OPT014;S014;Live SQLite database has committed changes still residing in WAL when a manual copy is taken;Copy omits WAL -> if needed records are absent readable snapshot may contain OP011 unseen tail. If copy is inconsistent -> OP009. If all changes were checkpointed before a consistent copy -> OP001. Reconcile cannot invent missing attempts;OP011 OP009 OP001;Missing WAL is harmful only if it contains needed state or copy is inconsistent. A proper snapshot is a distinct branch;SOURCE C7 backup_to uses VACUUM INTO rather than raw copy and C2 consults only restored rows. QUALITATIVE copy timing;Checkpoint/copy evidence proves every required committed row is present and integrity is valid
OPT015;S015;One-week-old snapshot says queued with no attempt while later real execution may have occurred;Restore -> C2 leaves queued-without-attempt eligible and clears assignment -> OP011 epistemic gap. Blind redispatch can enter OP023. Independent later journal/participant evidence resolves to OP001 or OP028. Recorded attempted/running rows instead enter OP014;OP011 OP023 OP001 OP028 OP014;Snapshot-local absence is not globally never-delivered. Reconciliation correctness is limited to facts included in the snapshot;SOURCE C2 exact queued-without-attempt branch. QUALITATIVE later external duplication and DESIGN D2 reconciliation;Independent evidence proves no post-snapshot action occurred or the complete later journal is restored before scheduling
OPT016;S016;Completed task points to an artifact file that still exists before manual deletion;File removed -> OP012 while task summary/identifier remain. Independent immutable copy restores usefulness -> OP001. If deleted file contained unique indispensable bytes -> OP006 for those bytes;OP012 OP001 OP006;Path and summary may be sufficient for some downstream work but not for exact artifact recovery;SOURCE C5/C6 store artifact paths as text and do not retain their bytes. DESIGN D1 requires stronger immutable references;A retained content-addressed original is readable despite deleting the named convenience path
OPT017;S017;All backups are intact ciphertext but the currently known backup key is lost;No usable key -> OP013. Independent escrow/account/key recovery returns access -> OP001 subject to snapshot age. If all decryption information is irretrievably absent -> OP006 relative to that information boundary;OP013 OP001 OP006;Losing one key copy is not proof of losing all recovery material. Encryption is assumed effective and no feasible exhaustive recovery exists;QUALITATIVE cryptographic access dependency without inspecting real keys;A verified independent decryption path works or an unencrypted independent copy contains the required data
OPT018;S018;Reducer replays identical retained events while consulting a registry that changed since the events;Current registry influences reduction -> OP010 divergent historical interpretation. If consulted value is irrelevant to output the replay can remain OP001. Missing original authorization facts may leave OP009 instead of a recoverable pure replay;OP010 OP001 OP009;Dependence must be causal not merely an unused read. Scenario violates a design promise rather than identifying inspected reducer code;DESIGN D1 sections 6-7 forbids mutable reducer inputs. QUALITATIVE two-registry counterfactual;Two materially different current registries produce identical correct output for every claimed dependent event and historical authorization is retained
OPT019;S019;Installed reader encounters a newer event payload type than it understands;Strict versioned decoding -> OP009 with retained raw bytes. Compatible reader/upcaster permits OP001. Silently ignoring or misreading the new type can yield OP005 but is not promised behavior;OP009 OP001 OP005;Schema user_version and event payload_version are different boundaries. Migration helper alone does not establish event forward compatibility;DESIGN D1 versioned event payloads upcasters and exact replay failure. SOURCE C9 covers relational migrations only;Installed decoder already understands and correctly reduces that payload version without dropping semantic information
OPT020;S020;Retention policy is about to remove the last copy of content still needed by a task or reducer;Deletion -> OP012 when record remains but bytes disappear. If no independent source can reconstruct exact needed content -> OP006. If reference was no longer required or an independent copy survives -> OP001;OP012 OP006 OP001;Need and only-copy claims are necessary. Existing Rust backup helper itself does not implement retention deletion;SOURCE C7 refuses existing destination and performs no retention. DESIGN D1 section 7 requires referenced replay content;An independent readable copy exists or no surviving task/reduction actually depends on the removed content
OPT021;S021;Cron schedule crosses a repeated local minute at daylight-saving fallback;Two physical instants share wall-clock label -> may create one or two logical occurrences depending on fold identity -> retries may deduplicate or create extra runs. Long-term regime not assigned because occurrence identity is unspecified;none;Need exact timezone fold representation durable trigger key and catch-up/retry policy. A single duplicated run is not an attractor;DESIGN D3 promises one run per execution window but does not define fold identity in inspected excerpt. UNRESOLVED;A documented and implemented occurrence-key rule plus deterministic fold test fixes the count and subsequent queue behavior
OPT022;S022;Cron expression names a local time skipped at daylight-saving spring-forward;No such local instant exists -> scheduler may skip defer or catch up -> business work may be absent delayed or equivalent. No persistent state selected without occurrence and misfire semantics;none;Need whether contractual intent follows local wall time elapsed time or next valid instant plus missing-run handling;DESIGN D3 minute dispatcher/window promise leaves this case unresolved in inspected material;A specified gap policy and isolated clock trace establish exact occurrence disposition and delayed-work behavior
OPT023;S023;Pending deadlines schedules and records use an unspecified combination of wall and monotonic clocks;NTP steps wall clock backward twelve hours -> possible delayed expiry repeated scheduling or only misleading timestamps. No unique regime follows until each clock domain and durable occurrence identity is known;none;Need which checks use wall time whether backwards movement is detected and what restart persists. A changed timestamp alone need not change causal order;DESIGN D1 defines cursor ordering but not complete timer implementation. D3 leaves clock-step behavior unspecified here;Clock-domain mapping and deterministic twelve-hour-backstep trace show exactly which transitions occur
OPT024;S024;Laptop wakes after six weeks with a finite accumulated due-work set and current arrivals;Wake -> finite admitted work drains to OP001 if service exceeds arrivals. Unbounded catch-up creates OP003 under ongoing excess demand. If timeouts recreate work so backlog itself generates more load -> possible OP004;OP001 OP003 OP004;Exact catch-up policy is not established. Backlog size alone is insufficient for sustained positive feedback and old tasks may no longer be valid;QUALITATIVE rate/feedback branches. DESIGN D3 retains queued work but does not provide measured capacity;After external arrivals cease all accepted overdue work drains without timeout-driven regeneration under the alleged trap conditions
OPT025;S025;Schedule stores timezone intent before the zone database rules change;Rule update -> future instants may follow pinned rules or current civil law -> one policy may preserve intent while the other shifts it. Long-term regime and even error meaning remain unresolved;none;Need retained tzdb version rule-update policy intended business timezone semantics and recomputation of already materialized occurrences;DESIGN D3 local-time cron wording alone does not settle timezone-rule evolution;Documented timezone/version policy and two-version replay produce a single auditable occurrence set matching declared intent
OPT026;S026;Two participants report accepted effects with mutually inconsistent timestamps;Compare wall times -> apparent order conflict. Causal operation IDs/versions may resolve order or effects may be concurrent. Without causal relations and business invariants no damage or stable regime is inferable;none;Need participant clock trust causal dependencies and whether order actually affects a task precondition. Timestamps are not inherently causality;DESIGN D1 cursor/causation identities order local facts not remote clocks. UNRESOLVED participant ordering;Receipts with verifiable causal predecessor/version relationships settle the order independently of wall-clock claims
OPT027;S027;Approval is valid at dispatch planning but plugin startup outlasts its validity;Startup finishes -> boundary rechecks validity before acceptance -> OP017. If approval was checked only before startup and action is accepted after expiry -> OP027. If participant accepted before expiry and acknowledgment is late -> OP028 for known irreversible effect or OP022 while unknown;OP017 OP027 OP028 OP022;Must know which moment approval constrains and participant acceptance time. Plugin ready is not proof of still-valid approval;DESIGN D2 startup deadline and D1 saga preconditions. QUALITATIVE approval-time race not demonstrated in code;Matched acceptance evidence falls within the approval's actual validity condition or a current check blocks every expired request
OPT028;S028;Task holds a price valid when captured but expired before processing;Task uses price without fresh semantic check -> OP005 output. External order at changed terms may become OP027. Price revalidation before action can lead to OP017 for a fresh decision then OP001;OP005 OP027 OP017 OP001;Expiration matters only if price validity is part of promised result/approval. Historical-price reports may remain correct;QUALITATIVE business semantics. SOURCE C5 cannot validate price meaning and DESIGN D1 includes external preconditions;Result explicitly reports historical price as intended or participant guarantees the accepted price despite nominal expiration
OPT029;S029;A deadline uses a monotonic clock while the machine goes to sleep;Sleep -> elapsed clock may include or exclude suspended duration depending on primitive/platform -> deadline may fire immediately on wake or after active-time remainder. No long-term state assigned;none;Need actual clock primitive suspend semantics restart persistence and meaning of the deadline. Monotonic does not by itself specify sleep accounting;UNRESOLVED no timer implementation inspected that fixes this behavior;Isolated fake-clock or documented platform trace establishes suspend accounting and the exact post-wake transition
OPT030;S030;Cron plugin re-emits a trigger each time it restarts;Stable durable occurrence key -> duplicate emission refused OP026 and original work OP001. New key on every restart -> repeated accepted tasks can cause OP023 or OP003. Repeated emission requires repeated restarts and is not itself autonomous attraction;OP026 OP001 OP023 OP003;Whether excess tasks become duplicate external effects depends on their effect/approval identity. Restart budget can bound total emissions;DESIGN D3 per-window idempotence and D1 command identity. QUALITATIVE plugin implementation alternatives;All restart emissions resolve to one durable occurrence and one business effect regardless of restart count
OPT031;S031;Harness still has write access while Herdr observation/control is unavailable;Observer loss -> preserve reservation and uncertainty OP015 while actual file work may continue OP001. If operator treats lost observation as process death and reuses workspace -> OP016. Unavailability alone does not mean no work survives;OP015 OP001 OP016;Requires distinct observer and harness failure domains. Source does not automatically prove a process tree dead from Herdr absence;SOURCE C11 reports unavailable and C2 keeps disconnected leases. QUALITATIVE continued writer branch;Authoritative process evidence proves the old writer cannot access workspace before any replacement gets access
OPT032;S032;Recorded pane is reused by another session after restart;Both harness UUIDs present and different -> C4 rejects identity promotion and uncertainty can remain OP015. Missing UUID on either side plus authoritative observation -> identity fallback may produce OP025. Subsequent reuse with old writer alive can reach OP016;OP015 OP025 OP016;Known mismatch refusal and missing-identity fallback are separate basins. Pane identity alone is insufficient;SOURCE C4 identifies_same_session compares two Some UUIDs and otherwise returns true. QUALITATIVE downstream wrong attribution;Missing-identity case is rejected by another proven required caller check or recorded/observed UUIDs establish the same session
OPT033;S033;Reconnect expects UUID derived from transcript filename but filename no longer matches parser shape;Parser returns None -> no positive UUID mismatch -> C4 may trust authoritative confidence and enter OP025 if pane was reused. Same genuine session remains ordinary OP001. If evidence is unavailable then OP015;OP025 OP001 OP015;Malformed filename alone does not establish wrong session. Its effect is removing a discriminating identity check;SOURCE C11 parse_harness_session_id and C4 fallback. QUALITATIVE reused-pane conjunction;A separate mandatory transcript identity check rejects reused pane even when UUID parsing returns None
OPT034;S034;Hook is absent but screen-derived status says idle;PiAdapter assigns degraded confidence and NoChange rather than moving task -> existing work continues OP001 or explicit caller uncertainty can retain OP015. A separate UI treating parser idle as authoritative could show OP024 but is not this adapter behavior;OP001 OP015 OP024;No automatic completion or reassignment follows from idle in inspected code. Caller handling of unavailable identity remains conditional;SOURCE C11 observe derives authority from explain hook marker and suppresses nonauthoritative task signals. QUALITATIVE UI/caller branch;Hook-absent idle moves a task or frees its occupied assignment through the actual inspected adapter-to-caller path
OPT035;S035;Harness reports done at an intermediate turn while task lacks a validated final result;Adapter maps done to NoChange -> task can continue OP001 and no completion is inferred. If a separate result consumer accepts intermediate text as final it could create OP005 but that is an additional bypass;OP001 OP005;Turn completion is not task completion. Source-supported branch concerns signal mapping only and does not guarantee every caller's semantic result validation;SOURCE C11 done -> TaskSignal::NoChange. SOURCE C5 completion needs summary/paths but not task-specific truth;A done observation alone invokes task completion on the claimed adapter path without a separate result action
OPT036;S036;Old authoritative observation arrives after a new session has started;Different recorded/observed UUID can be rejected by C4. Same or missing identity may pass confidence checks but whether stale observation mutates new-session state depends on caller correlation and ordering. No long-term state assigned;none;Need observation generation monotonic sequence delivery queue behavior and caller session binding. Authority is not freshness;SOURCE C4 has identity comparison but no freshness comparison in sampled helper and C11 observation construction. UNRESOLVED end-to-end ordering;A caller-level generation/sequence invariant and deterministic stale-delivery test prove rejection or exhibit a specific wrong transition
OPT037;S037;Two callers reserve two case spellings of the same stable directory in one store;begin_start serializes write transaction and compares FileId aliases -> first reservation remains and second reaches OP026. Admitted session proceeds OP001. Mutable filesystem replacement during checks is excluded from this source-supported case;OP026 OP001;Both paths must resolve to the same stable device/inode and callers must use the same database. Two independent clones are S065 not this guard's scope;SOURCE C10 begin_start and find_aliasing_conflict plus C8 store transaction boundary;Two successful simultaneous reservations for the same stable FileId in one store through begin_start falsify the serialized-alias claim
OPT038;S038;Harness is stopped but a child process retains writable handles or its own execution;Parent exits -> if lease release is based only on parent then untracked child remains -> OP016 and future replacement can conflict. Process-tree-wide confirmed termination permits OP001 or OP034 if finished bytes lack a result commit;OP016 OP001 OP034;A living child that cannot write the workspace/effects does not enter the conflict basin. OS process cleanup semantics are not established by a session-row transition;QUALITATIVE process capability reasoning. SOURCE C10/C4 record session lifecycle but inspected recovery is not process-tree proof;All descendants are confirmed unable to write before release and isolated observation shows no late writes
OPT039;S039;Temporary task worker is blocked awaiting permission rather than terminal;Days without permission -> OP017 and possibly OP031 if no competent approver. C3 counts blocked assignment as occupied so other requests may be OP026. Independent workers may continue OP001. Time alone does not prove a dead worker;OP017 OP031 OP026 OP001;Temporary lifetime does not mean permission timeout semantics. Worker cleanup must not be assumed to occur after a fixed number of days;SOURCE C3 is_idle rejects any nonterminal assigned task. QUALITATIVE approval availability;The same blocked assignment is treated idle by the actual assign path or a valid authorized resolution occurs without the missing approver
OPT040;S040;Herdr restarts while old harness may survive but recovery is given a presumed-machine/restart classification;Positive same-session evidence -> reconnect OP001. Otherwise C4 common Herdr-or-machine path gives up old session and records replacement starting -> if old writer survives eventual launch can enter OP016. Conservative uncertainty path instead retains OP015;OP001 OP016 OP015;Source function intentionally merges Herdr and machine recovery. It records not launches a new harness. Actual duplicate writer needs a subsequent launch and surviving process;SOURCE C4 reconnect_after_herdr_or_machine_restart documented presumption and body. QUALITATIVE classifier and launch coupling;Old process is independently proven dead before every replacement launch or the positive-evidence branch always succeeds for surviving workers
OPT041;S041;Plugin uses framed stdout and has an in-flight operation when debug text appears;Framing violation -> designed supervisor failure path and bounded retry -> OP018. If remote action may already have been accepted -> OP022 independently. A permissive parser might recover from text but that is not promised and needs isolated evidence;OP018 OP022;Quarantine depends on actual budget/violation policy. Protocol corruption does not prove external failure or memory corruption of daemon;DESIGN D2 sections 2 4 5 only. No plugin-host implementation or live fault tested;Parser/supervisor accepts nonprotocol text without failure under its documented contract or authoritative receipt resolves all in-flight effects
OPT042;S042;Plugin announces a frame vastly above negotiated size;Host checks length before allocating/reading body -> violation path OP018 while independent local work OP021. If allocation precedes bound enforcement -> possible resource stall OP008/OP002 rather than promised containment;OP018 OP021 OP008 OP002;Negotiated maximum must apply to declared length before allocation including overflow handling. Physical OOM behavior depends on host/OS;DESIGN D2 section 2 maximum frame negotiation. QUALITATIVE allocation-order alternative not established in source;An isolated oversized-length test demonstrates bounded allocation and continued local progress or conversely allocates the declared size
OPT043;S043;Health endpoint is responsive while every relevant business call blocks;Health retains ready status -> OP020. Bounded business deadlines plus unresolved acceptance -> OP022. If deadline retries generate load and service impairment worsens -> conditional OP004. Unrelated plugins may support OP021;OP020 OP022 OP004 OP021;Health success is not business progress. Need whether blocked calls ever reached participant and whether operation deadlines alter routability;DESIGN D2 health/deadlines and unknown-outcome semantics. QUALITATIVE business deadlock feedback;Representative business operations complete or their failures quarantine only the affected capability before sustained queue growth
OPT044;S044;Same defective plugin crashes after each automatic launch;Each crash -> restart/backoff -> OP019 for the retry interval. Nonresetting finite budget -> OP018 after exhaustion. Budget reset on every host restart or explicit repeat retry can sustain OP019 but changes the policy input;OP019 OP018;Bounded exponential backoff changes timing not the defect. An infinite cycle requires absent/reset budget or repeated external resets;DESIGN D2 section 4 bounded restart budget. QUALITATIVE alternative reset policy;A persistent budget always stops launch after its finite count or the unchanged plugin reaches useful stable service
OPT045;S045;Optional activation has a syntactically invalid manifest and local core need not use it;Validation fails before ready -> OP018/OP026 for activation. Independent local capability remains OP021 if safe-mode optional loading bypass works. Global startup parsing that aborts even safe mode would instead leave OP002;OP018 OP026 OP021 OP002;Optional independence and safe-mode parse ordering are design conditions not proven current binary behavior;DESIGN D2 sections 1 3 and 7. No factory executable or plugin-host implementation inspected;Malformed optional manifest prevents bundled-only local mode from starting or alternatively valid optional isolation keeps local requests completing
OPT046;S046;Plugin reports success before participant's own durable commit;Factory may record success while participant later loses work -> OP005 false completion. If discrepancy is detected but participant truth unavailable -> OP022. Participant eventually commits durably -> OP001/OP028 depending on reversibility;OP005 OP022 OP001 OP028;Local success persistence cannot make dishonest/non-durable participant acknowledgment durable. Need participant receipt semantics;DESIGN D1/D2 specify evidence recording not an ability to force remote commit. QUALITATIVE premature-ack branch;Every success acknowledgment is backed by a durable participant operation record surviving participant restart
OPT047;S047;Plugin allocates file descriptors until its process or shared system capacity is exhausted;Per-process bound and isolated failure -> OP018 while OP021 independent core work survives. Shared descriptor/process resource exhaustion prevents store/socket access -> OP008 or OP002. Repeated restart without bound could prolong impairment;OP018 OP021 OP008 OP002;Process separation alone does not imply OS resource isolation. Need actual per-process/system limits and descriptor ownership;DESIGN D2 initialization resource limits and same-user sandbox caveat. QUALITATIVE exhaustion analysis;Exhausting the plugin's permitted descriptors leaves measured core admission and local access unaffected and restart budget bounds recurrence
OPT048;S048;Peers agree on major protocol but an optional field's meaning changes;Same-major negotiation can succeed while interpretation diverges or the field can be irrelevant/ignored safely. No specific state chosen because neither field meaning nor affected operation is supplied;none;Need operation schema digest old/new semantics whether old peers ignore the field and a concrete downstream invariant;DESIGN D2 section 7 permits only safely ignorable additions and checks schema identity. UNRESOLVED semantic impact;A concrete old/new message pair with an asserted invariant demonstrates either equal interpretation or a specific violating transition
OPT049;S049;Scope disables plugin after an effect was dispatched but before durable result evidence;New dispatch stops under design while in-flight effect can still complete -> OP028 when known irreversible. Removed reconciliation channel leaves OP022. If host retains sufficient capability to reconcile or participant receipt survives -> OP001 for settled work;OP028 OP022 OP001;Revoking future routing is not cancellation of participant acceptance. Exact disabling/draining/reconciliation authority policy is unimplemented in sampled source;DESIGN D2 shutdown stops new dispatch and D1 saga evidence. QUALITATIVE deactivation race;Disable atomically prevents participant acceptance or a verified receipt unambiguously resolves every already accepted operation
OPT050;S050;Operation is labeled reversible but its inverse discards information;Forward step accepted -> inverse invoked on failure -> OP030 with lost content possibly OP006. Contract validation/tests rejecting lossy inverse before effect -> OP026/OP017 rather than supposed rollback. Forward evidence may still survive;OP030 OP006 OP026 OP017;Claimed reversibility is not a physical property. Need actual inverse postconditions and independently retained before-state;DESIGN D1 section 8 requires implemented/tested compensation. QUALITATIVE dishonest contract counterexample;Roundtrip testing across relevant state space and retained versions proves exact inverse without any information loss
OPT051;S051;Participant accepts a dispatched operation just before network partition hides the response;Local timeout -> OP022 not known failure. Reconciliation by durable identity can establish OP028 or OP001. Blind fresh acceptance retry with no participant dedupe -> OP023. Partition alone does not erase local intent;OP022 OP028 OP001 OP023;Reliable retained operation identity and participant history determine exit. External acceptance is stipulated but not yet known to Factory;DESIGN D1 section 8 and D2 section 5. QUALITATIVE network cut reasoning;A matching durable receipt is available throughout the partition or retry returns the same single participant operation rather than a new effect
OPT052;S052;Provider DNS resolves to a wrong endpoint while authenticated transport rules may still be intact;Correct TLS/name verification rejects impersonation -> affected dependency stalls OP020 or optional path OP021. If the wrong endpoint is also trusted or verification bypassed -> OP007 exposure or OP027 wrong-target effect. DNS alone is not successful impersonation;OP020 OP021 OP007 OP027;Need trust roots expected peer identity and whether content was transmitted after authentication. No network probe performed;QUALITATIVE authentication branching with DESIGN D1 trusted invocation and D2 external/plugin boundary;Wrong DNS target cannot pass peer identity checks and no protected request body reaches it
OPT053;S053;Offline client reconnects after provider certificate has expired;Strict expiry validation blocks calls -> OP020/OP021 until certificate or trusted time is corrected. Unsafe manual bypass can enter OP007 if peer authenticity is then lost. Previously committed local work can continue OP001;OP020 OP021 OP007 OP001;Expiry is an external trust-policy hold not proof of data corruption. Local clock correctness and renewal process matter;QUALITATIVE TLS policy reasoning. No real certificate renewal or connection attempted;Certificate is valid under trusted time or an independently authenticated replacement preserves verification without bypass
OPT054;S054;WebSocket client subscribes but never drains delivered events;Bounded backpressure/disconnect -> OP021 with local work intact and client stale OP024. Unbounded queues -> OP003 and possibly OP008 after resource exhaustion. Reconnection from a retained cursor can restore OP001;OP021 OP024 OP003 OP008 OP001;Bounds must include daemon-facing notification buffering not only socket buffers. Cursor retention determines catch-up feasibility;DESIGN D2 section 6 requires backpressure or disconnect and D1 cursor semantics. QUALITATIVE unbounded alternative;Stalled client causes unbounded resident memory in supposedly bounded implementation or independent client/core work cannot progress
OPT055;S055;HTTP transport fails while local kernel and local access remain healthy as stated;Remote HTTP requests fail but local inspection and independent mutations continue -> OP021. Restore HTTP and refresh client state -> OP001. If HTTP was needed for a particular approval that task may wait OP031 without stopping every task;OP021 OP001 OP031;Scenario explicitly grants local health. Reclassifying this as whole-system outage would add a dependency not given;DESIGN D2 separate API transports and bundled local mode. QUALITATIVE task-specific approval dependency;Local requests also fail under the stated HTTP-only failure or every remaining useful task demonstrably depends on HTTP
OPT056;S056;Remote client holds cached running status while daemon may complete fail or block the task;No refresh -> OP024 for observer although real work may be OP001/OP017/OP034. If operator creates a replacement based on cache without checking identity -> possible OP023. New authoritative cursor/state ends display divergence;OP024 OP001 OP017 OP034 OP023;Cache is an observer state not proof that the task is persistently running. Replacement is an extra human action;DESIGN D1 responses carry committed cursor. QUALITATIVE client caching and operator reaction;Client clearly marks stale observation and refreshed canonical state matches its displayed claim throughout
OPT057;S057;Network replies for durable operations arrive duplicated and out of order;Correlate request/operation and enforce stream versions -> OP026 for stale/duplicate mutation or OP001 for deduplicated completion. Arrival-order overwrite without identity can create OP024/OP025 and wrong repeated action OP023;OP026 OP001 OP024 OP025 OP023;A duplicate response is not a duplicate effect unless a consumer invokes new work or misattributes completion. Local order and remote causal order differ;DESIGN D1 request IDs expected revisions and cursor order plus D2 exchange IDs. QUALITATIVE broken correlation alternative;All duplicates/reorders produce one identical final state with no new effect across an isolated permutation test
OPT058;S058;Nonlocal listener is accidentally bound publicly but authorization may still be sound;Reachability expands -> exposure surface not automatically breach. With intact authentication unrelated work can remain OP001 while listener configuration is reviewed. Exploitable unauthenticated authority -> OP007 and possibly OP027 on unauthorized actions;OP001 OP007 OP027;Need network reachability capability grants and authentication enforcement. Public bind alone does not prove disclosure;DESIGN D1 trusted context/kernel authorization and D2 same-user process limitations. QUALITATIVE security alternatives;Untrusted external peer cannot obtain protected data or invoke any unauthorized mutation under the exact public-binding configuration
OPT059;S059;Operator is remote and both Tailscale and SSH are their only control paths;Common loss -> OP033. Local already-authorized work may continue OP001 or gated work accumulates OP031. Independent local helper/access restores inspection before acting on stale observations;OP033 OP001 OP031;Two named mechanisms are not independent recovery if sharing network/power/account failure. No local path is presumed reachable remotely;QUALITATIVE control-plane failure domains with DESIGN D2 bundled local mode boundary;An independent trusted reachable management path exists under simultaneous Tailscale/SSH failure
OPT060;S060;Participant throttles all relevant requests for days while local tasks keep arriving;Continuing rate limit -> OP020 and if arrivals exceed accepted service OP003. Finite work drains after limit lifts -> OP001. Retry rate above useful acceptance may add OP004 only if load worsens future throttling or timeouts;OP020 OP003 OP001 OP004;A fixed provider quota is external forcing. Self-sustaining amplification needs retry-to-throttle feedback rather than merely repeated 429 responses;QUALITATIVE rates and participant policy. DESIGN D1 planned timeout/retry policy is not observed behavior;Queued work drains once arrivals stop and limit lifts without retry amplification or measured retries do not affect provider acceptance
OPT061;S061;Task is queued for a target whose display/agent name changes before assignment;Stable bound identity with validated mapping -> OP001 or OP026 if retired target is rejected. Late name lookup without identity pinning may leave a wait OP031 or route to replacement OP025. Rename itself does not prove lost task identity;OP001 OP026 OP031 OP025;Need whether queued intent pins scope/agent stable ID or defers agent-name choice. Current create stores target scope/session/path while assign takes agent name separately;SOURCE C6 create and C3 assign interface. DESIGN D1 stable IDs. QUALITATIVE registry reconciliation not fully inspected;Rename preserves explicit target identity and no alternate agent can receive the queued task without an authorized reassignment
OPT062;S062;Registered directory disappears and a different directory is created at the same path;Path-based subsequent reads can treat replacement as old -> OP025. If identity replacement is detected before action -> OP026/OP015 until resolved. Old artifacts gone -> OP012 independently. Filesystem path existence alone proves neither continuity nor trust;OP025 OP026 OP015 OP012;Need retained object identity across deletion not merely current FileId equality at reservation time. Replacement contents and agent authority are unknown;SOURCE C10 re-resolves stored paths and C4 workspace_exists_on_disk tests existence. QUALITATIVE scope replacement semantics;Persisted original identity is compared against new object and every relevant read/write refuses the replacement before use
OPT063;S063;A symlink is checked for allowed target before a later file open follows its changed target;If access re-follows mutable symlink -> validation/access mismatch yields OP025 or OP027 unauthorized write meaning. If descriptor-bound/no-follow access keeps validated object -> OP026/OP001. Ordinary canonicalization alone does not lock filesystem identity;OP025 OP027 OP026 OP001;Need exact write primitive directory descriptors and adversarial timing. No exploit executed and current FileId check is not claimed to prove arbitrary write safety;SOURCE C10 illustrates pretransaction identity read only. QUALITATIVE TOCTOU alternatives and project allowlist instruction;Deterministic isolated swap cannot redirect the actual write beyond the originally validated object or allowed root
OPT064;S064;Task/delegation chain exists while a parent scope moves and current kinship changes;Rechecking current policy can refuse formerly eligible new delegation -> OP026 and human interpretation wait OP031. Stable historical record remains useful. Silently applying new ancestry to old audit facts can create OP010 or wrong current routing OP025;OP026 OP031 OP010 OP025;Must separate authorization at original acceptance from rights for a future step. Full move/registry snapshot semantics are not established by kinship guard;SOURCE C12 checks current registered kinship and chain. DESIGN D1 immutable historical facts. QUALITATIVE move policy;Original decisions retain their historical basis and new commands consistently enforce a specified registry revision without silent retargeting
OPT065;S065;Two copied installations with identical records and identities run on separate Macs;Each local database can grant an exclusive local lease while both dispatch old work -> OP023 and conflicting identity histories OP025. Shared workspace access may cause OP016. If clone is non-dispatching or externally fenced only one runs -> OP001;OP023 OP025 OP016 OP001;Local SQLite exclusivity is not cross-machine authority. Need participant idempotency namespace clone identity and shared filesystem access for particular damage;SOURCE C3/C10 serialize one store only. DESIGN D1 installation-local cursor. QUALITATIVE split-authority branch;Independent external fencing or non-dispatch mode proves at most one clone can accept effectful work for the copied identities
OPT066;S066;Client presents another agent's valid session UUID without necessarily controlling its authenticated principal;Transport-bound caller identity rejects mismatch -> OP026. Caller that treats UUID existence as authentication resolves victim scope and may permit authority misuse -> OP007/OP025. Possession of an identifier is not proof of session ownership;OP026 OP007 OP025;Need transport-to-session authentication binding not just scope_of_session lookup. No running transport implementation was established;SOURCE C12 Sender contract requires caller authentication first. DESIGN D1 sections 1 and 9. QUALITATIVE missing-boundary branch;A borrowed valid session ID is rejected for every principal not bound to that session before any mutation
OPT067;S067;One delegated task chain already includes A then B then C and next target is A;C proposes A -> preserved chain contains A -> check refuses before queue creation -> OP026. Existing accepted work may continue OP001. Fresh independent tasks with discarded provenance are a different S068 mechanism;OP026 OP001;Chain must be supplied intact through the delegation entry point and target registered. Earlier kinship rejection may also prevent the request;SOURCE C12 check rejects existing_chain.contains after registration/kinship gate;Same chain through legitimate queue path admits A twice and writes a new delegated task despite the guard
OPT068;S068;Agent responds to work by creating fresh semantically identical tasks rather than forwarding retained chain;If each completion generates more than one replacement or failures recreate work -> OP004 under sufficient feedback. One-off duplicates give OP023/excess work without attraction. Restricted creation authority or dedupe before admission -> OP026 and OP001;OP004 OP023 OP026 OP001;Chain-loop prevention alone does not constrain independent task reproduction. Need actual create permissions semantic identity and branching rate;SOURCE C6 accepts caller task IDs and C12 chain check is per supplied chain. QUALITATIVE fresh-task route and loop;After initial seed no new equivalent tasks are generated without external input or effective reproduction is below completed removals
OPT069;S069;Scope is retired while historical tasks and memory references still exist;Retirement may tombstone identity preserve history refuse new tasks or erase routing/content. No regime selected because retirement and memory lifecycle are not defined by inspected guard/registry interfaces;none;Need task disposition retention access inheritance tombstone semantics and whether historical references remain resolvable. A directory deletion is not a retirement policy;UNRESOLVED SOURCE C12 registration checks only do not define decommissioning. DESIGN D1 historical retention alone is insufficient;A complete retirement transition contract plus isolated history/access tests determines all old tasks and memory-reference dispositions
OPT070;S070;Export contains distinct case-sensitive names with different bytes or identities;Restore onto case-insensitive filesystem -> collision refusal yields OP026 with original export intact. Silent overwrite/alias collapse -> OP012 or OP025. Collision-free names or explicit lossless mapping -> OP001;OP026 OP012 OP025 OP001;At least one real colliding pair is needed. Current runtime alias checks do not prove a portable export importer preserves distinct source objects;SOURCE C10 runtime FileId distinction only. QUALITATIVE export/import collision policies;A colliding two-file export restores both distinguishable original byte sequences and stable identities without silent substitution
OPT071;S071;Client loses create response after server may have committed the task;Reuse same ID at current create helper -> duplicate insert fails OP026 and original remains. New task ID -> two rows and potential OP023. Promised logical API same idempotency key/payload would return prior result -> OP001 but is not this helper;OP026 OP023 OP001;Task primary-key collision refusal differs from returning recorded command outcome. Need client retry identity and payload binding to prevent semantic duplicate create;SOURCE C6 create plain INSERT with caller UUID. DESIGN D1 section 2 command idempotency;Same logical create retried across lost response always returns original outcome and creates exactly one task even with new request IDs
OPT072;S072;Task stays queued after attempt commit while writer has not yet been called;Cancel reads queued and commits cancelled -> C1 then invokes writer without status recheck -> durable cancelled row can coexist with a later emitted prompt OP035 and misleading lifecycle display OP024. If worker proceeds to irreversible effect then OP028. Cancel before initial delivery guard instead ends OP026;OP035 OP024 OP028 OP026;Inspected library interleaving requires cancel access between transactions. Manual writer renders a pasteable prompt rather than automatically launching work. Actual effect needs operator/worker action;SOURCE C1 deliver writer gap and C6 cancel queued/blocked immediate transition. QUALITATIVE subsequent receipt/effect;Isolated interleaving proves cancellation in that exact gap prevents writer invocation or an authoritative caller serializes cancel across the entire writer call
OPT073;S073;Two assign requests target the same idle session in one database;First BEGIN IMMEDIATE checks idle and assigns queued task -> second sees nonterminal assignment and defers/refuses OP026 while first proceeds OP001. No second task must become running for occupancy to hold;OP026 OP001;Callers must use assign and share the store. Direct SQL bypass or independent clones is outside source-supported claim;SOURCE C3 is_idle tests all nonterminal tasks and assign checks/writes in one transaction. C8 Store uses BEGIN IMMEDIATE;Two assignments through this path both succeed against one idle session before either previous task becomes terminal
OPT074;S074;Blocked previously attempted task is changed back to queued without incrementing authorized deliveries;Ordinary deliver counts attempted rows -> OP014/OP026 because no budget remains. Explicit authorise_resume changes queue and budget atomically then permits OP001 after new decision. Failed writer outcome still spent old authorization;OP014 OP026 OP001;Scenario requires at least one consumed attempt. Blocked-before-any-attempt task can still have original unused authorization. Requeue alone is not proof of unauthorized retry;SOURCE C1 deliver and authorise_resume actual bodies distinguish consumed count and authorization limit;Requeued consumed task calls writer again with unchanged budget or failure outcome is excluded from consumed attempts
OPT075;S075;Worker completes with a path to a file that can later be overwritten;Completion stores path -> task may be done while later path resolves to changed bytes -> OP012. Downstream accepts new bytes as old result -> OP005. If underlying object is immutable or independent copy retained -> OP001;OP012 OP005 OP001;Mutable capability must actually be exercised for byte divergence. Path submission alone is not proof artifact already changed;SOURCE C5 validate_result serializes paths without reading or hashing content. DESIGN D1 immutable content references are stronger;Repeated verified reads of an immutable retained object always yield the originally completed bytes despite replacement of convenience path
OPT076;S076;Worker submits multi-gigabyte inline result summary to completion helper;Byte-size validation refuses before transaction -> OP026 and old task status remains. A bounded summary plus valid artifact paths can later complete OP001. If bytes exist without accepted completion OP034 is conditional. Caller may allocate text before reaching guard;OP026 OP001 OP034;Source guarantees no oversized summary commit on this path not bounded ingress allocation nor artifact availability;SOURCE C5 validate_result and complete_with_result validate before transaction. No transport frame implementation assumed;Oversized summary changes task status/result through complete_with_result or validation silently truncates instead of rejecting
OPT077;S077;Permanent session still owns a nonterminal permission-blocked task when new work arrives;Factory assign sees nonterminal task -> OP026 and old work remains OP017. Another independent idle session can do new work OP001. Direct manual/harness prompt bypass may interleave old and new work OP016 without managed attribution;OP026 OP017 OP001 OP016;Persistent communication service does not imply two task assignments are safe in one session. Bypass must actually occur to enter overlapping-work branch;SOURCE C3 is_idle excludes blocked assigned work. QUALITATIVE manual bypass and independent session branch;Same session is assigned a new task through normal assign while old blocked assignment remains nonterminal
OPT078;S078;Process exits zero but produces empty output and semantic success criteria are unspecified;Completion with neither summary nor paths -> OP026 under current helper. Caller supplies nonempty success text or a path to empty file -> accepted shape may hide OP005. If empty output is correct task contract then OP001. Executor mapping itself is not implemented evidence;OP026 OP005 OP001;Exit zero proves only process exit convention. Need expected output contract and caller completion mapping. Empty file can be a valid artifact for some tasks;SOURCE C5 NoResult validation does not inspect file content. QUALITATIVE process-executor behavior;Task-specific validator rejects every semantically empty result or task specification explicitly defines zero-output success
OPT079;S079;Task prompt includes shell metacharacters before process invocation by an unspecified executor;Structured argv passes literal characters -> OP001 for intended process or OP026 if input contract rejects. Shell string interpolation can change command meaning -> OP027 and untracked writes OP016. Metacharacters alone are inert without interpretation;OP001 OP026 OP027 OP016;Need actual executor argv/shell construction and substitution rules. No process-executor implementation or malicious command executed;QUALITATIVE boundary analysis only. SOURCE C1 manual prompt writer is not a shell executor;Isolated fake executor captures exact literal argv with no shell evaluation for every supplied metacharacter case
OPT080;S080;Worker has written finished artifact bytes but final task result is not committed;Worker dies -> durable file may survive while task is uncompleted OP034 and delivery uncertainty OP014. Independent artifact-to-run validation permits OP001 without recomputation. If file was unflushed/deleted -> OP012 and possibly OP006;OP034 OP014 OP001 OP012 OP006;Finished computation is different from durable file flush and accepted result. No automatic orphan-artifact reconciliation is assumed;SOURCE C5 result commit is separate from external file creation and C1/C2 ambiguous delivery. QUALITATIVE artifact durability;An accepted completion was already committed before death or verified durable artifact reconciliation automatically ties exact bytes to the run
OPT081;S081;Payment provider accepts charge but ignores the supplied idempotency key on subsequent requests;First response uncertain -> OP022. Reconcile by independent receipt may settle OP028/OP001. Blind retry can produce second charge -> OP023 even if Factory preserves local key perfectly. Local dedupe only prevents repeated local dispatch under its own conditions;OP022 OP028 OP001 OP023;Need whether provider supports alternate operation lookup and whether first request was actually accepted. A key in a request is not participant compliance;DESIGN D1/D2 participant idempotency/reconciliation contracts. QUALITATIVE dishonest provider;Participant evidence shows retries return one original charge despite ignored key through another enforced unique operation identity
OPT082;S082;Email is externally sent and plugin crashes before local result is durable;Actual world contains irreversible delivery OP028 while Factory knowledge is OP022. Provider message/operation receipt resolves knowledge. Blind resend may enter OP023. Local rollback cannot unsend the first message;OP028 OP022 OP023;Physical effect and epistemic state coexist. No real email sent. Need retention and uniqueness of provider lookup evidence;DESIGN D1 irreversible messages and D2 crash->unknown/reconcile. QUALITATIVE participant receipt availability;Message was never accepted/delivered or definitive retained receipt already resolves local knowledge without another send
OPT083;S083;Human reviews invoice A but the proposed effect becomes invoice B before execution;Content-bound acceptance check detects mismatch -> OP017/OP026. Approval treated as generic permission -> B accepted -> OP027. If B has irreversible disclosure/payment consequence actual effect may also be OP028;OP017 OP026 OP027 OP028;Need immutable approved payload identity and check at meaningful acceptance boundary. Human click and mutable payload pointer are different facts;DESIGN D1 immutable saga input/preconditions and explicit approval. QUALITATIVE exact approval-binding implementation absent;Accepted invoice identity and integrity value must match the recorded human-reviewed A or dispatch is refused before participant acceptance
OPT084;S084;Participant has already accepted action when human revokes local approval;Revocation can stop future dispatch but cannot erase accepted fact -> OP028 if irreversible. Unknown receipt leaves OP022 until reconciliation. A compensatable business action may require a new decision and possibly OP029 if remedy fails;OP028 OP022 OP029;Need participant's acceptance/abort contract. Local revoke time is not proof participant cancelled a previously accepted operation;DESIGN D1 reversibility classes and D2 unknown outcome. QUALITATIVE late revocation semantics;Participant's verified abort contract cancels the already accepted operation before any irreversible effect and returns durable cancellation proof
OPT085;S085;Saga plans inverse after a human legitimately modifies the forward result;Version/precondition check rejects stale inverse -> OP029 awaiting new business disposition. Blind inverse overwrites newer work -> OP030 with possible OP006 for unique edits. Exact merge-aware mitigation could reach OP001 but is operation-specific;OP029 OP030 OP006 OP001;Need externally enforced version checks and intended merge semantics not merely old before-value retention;DESIGN D1 section 8 preconditions and compensation evidence. QUALITATIVE human-edit race;Inverse is rejected on changed ETag/version or verified postconditions retain every intervening legitimate edit
OPT086;S086;Known forward effect requires compensation but compensation repeatedly fails;Durable failed attempts -> OP029 manual-intervention path under design. Unbounded automatic retries can form OP019-like retry cycle only for plugin restart if present or OP004 if they amplify load. A finite failure count alone is not an attractor;OP029 OP004;Participant failure persistence and retry generation are required for ongoing dynamics. Compensation is a new action not deletion of forward event;DESIGN D1 section 8 failure states and compensation identity. QUALITATIVE unbounded retry feedback branch;Matching participant postconditions prove compensation succeeds without changing assumptions or retries terminate at a fixed bounded budget
OPT087;S087;Two distinct valid tasks independently intend the same business purchase;Per-task idempotency sees different identities -> both accepted -> OP023 if business intent was one purchase. Shared semantic purchase identity or human rejection of duplicate -> OP026/OP001. Two desired units instead are ordinary completion not duplicate damage;OP023 OP026 OP001;Need business equivalence and quantity intent. Command-idempotency keys dedupe retries of one intention not all equal-looking payloads;DESIGN D1 section 2 key scope. QUALITATIVE business identity and participant uniqueness;Business specification requires two units or a unique purchase-intent constraint proves only one order can be accepted across both tasks
OPT088;S088;Provider recalculates a different price when Factory retries an intended order;Stable operation/price contract returns original terms -> OP001. New price accepted under old approval -> OP027 and possible duplicate order OP023 if first accepted too. Rechecked price requires new decision OP017. Unknown first acceptance remains OP022;OP001 OP027 OP023 OP017 OP022;Need whether repricing creates a new operation and approval binds maximum/exact price. Price change within authorized tolerance may be valid;DESIGN D1 immutable inputs external versions and D2 operation identity. QUALITATIVE pricing contract;Every accepted retry satisfies recorded approval terms and refers to the same original order/price or is blocked for new authorization
OPT089;S089;Scheduled report was approved before refresh adds confidential rows;If approval binds exact content and refresh invalidates it -> OP017. If schedule/old approval is treated as blanket send authority -> OP027 and irreversible disclosure OP028 after acceptance. Draft-only refresh can remain OP001 with no disclosure;OP017 OP027 OP028 OP001;Confidentiality breach requires transmission to a recipient not authorized for the new rows. A schedule alone grants no send authority;DESIGN D1 immutable content references and project approval boundary. QUALITATIVE refresh/recipient-policy race;No report whose current row set exceeds recipient authorization or differs from required approved digest reaches participant acceptance
OPT090;S090;External operation may have completed but participant deletes its history before reconciliation;Lookup returns absent/expired not definitive never-accepted -> OP022. Missing compensation evidence may create OP029. Blind interpretation as failure can produce OP023. Independent receipt retained elsewhere can settle OP001/OP028;OP022 OP029 OP023 OP001 OP028;Need retention horizon and semantics of not-found. Local operation intent cannot reconstruct remote acceptance by itself;DESIGN D1 retained compensation data and D2 reconcile before retry. QUALITATIVE history-expiry ambiguity;Independent durable receipt resolves outcome or participant contract proves not-found within a guaranteed retention horizon means never accepted
OPT091;S091;Only competent authorized operator is offline for three days while tasks continue;Tasks needing decisions enter OP031/OP017 while already authorized independent work can remain OP001. Continuing unresolved arrivals may produce OP003 but finite absence alone is not endogenous feedback. Expired opportunities may become OP005 if later accepted as current;OP031 OP017 OP001 OP003 OP005;Need workload composition deadline validity and actual substitute authority. Not every task requires a fresh human decision;QUALITATIVE human service-capacity analysis with SOURCE C3 blocked occupancy;All affected tasks complete correctly under existing authorization or competent authorized coverage exists during the entire absence
OPT092;S092;Alarm burst presents a hundred approval dialogs to a finite-attention operator;Reflex approvals may admit OP027/OP005 without a sustained loop. If resulting errors generate more approval alarms and further reflex errors -> possible OP032. If alarms cease after burst or are nonbinding acknowledgments -> finite OP003/OP001 instead;OP027 OP005 OP032 OP003 OP001;Need evidence that clicks authorize effects and that errors causally generate later dialogs. No behavioral propensity is treated as inevitable;QUALITATIVE feedback hypothesis only without human observation or simulated agents;Newly approved errors do not generate subsequent alarm load or meaningful review quality stays constant during measured burst
OPT093;S093;Replacement operator has authority but lacks knowledge of current external in-flight actions;Conservative inspection reveals missing context -> OP031/OP022 until evidence arrives. Guessing old actions failed and resending -> OP023 or OP027. Sufficient durable operation-specific handover permits OP001 without the original owner;OP031 OP022 OP023 OP027 OP001;Formal account access is distinct from usable evidence. Handover record existence is not proof of comprehensibility or completeness;DESIGN D1 saga evidence. QUALITATIVE operator knowledge and guess branch;Independent replacement reconstructs all in-flight operation identities/acceptance states from retained evidence before making an effectful decision
OPT094;S094;Operator intends a fixture action but connects to production or the reverse;Strong instance context check refuses mismatch -> OP026. Otherwise locally valid command acts on unintended world -> OP027 and potentially OP028. Pure read confusion can be OP024 without an external mutation;OP026 OP027 OP028 OP024;Intent mismatch must precede an effect to create business harm. Transport authentication to production does not prove human intended production;DESIGN D1 scope/principal context and D2 installation identity handshake. QUALITATIVE human instance confusion;An effect cannot be accepted until independently verified instance identity matches the explicit intended fixture/production target
OPT095;S095;Operator copies backup manually and opens it as live state without restore reconciliation;Stale rows keep live-looking status -> OP024. Missing post-snapshot tail remains OP011 even after proper reconcile. Calling C2 reconcile later moves included running/attempted work to OP014 and leases OP015 but does not invent absent attempts;OP024 OP011 OP014 OP015;Manual copy may also omit WAL S014. Source explicitly treats ordinary open and explicit restore differently and reporting is post-commit;SOURCE C2 reconcile docs and body plus C7 snapshot procedure. QUALITATIVE manual-copy timing;Opening any manually copied snapshot automatically performs equivalent reconciliation and identifies all omitted later actions before work admission
OPT096;S096;Human closes pane then later edits files in its workspace;Pane disappearance may yield OP015 while human edits continue outside managed session. Prematurely releasing and assigning another worker creates OP016 overlap. If all old workers are gone and human hands over exclusive ownership with reviewed files -> OP001;OP015 OP016 OP001;Closing pane does not certify every descendant stopped nor authorize new managed work. Manual edits can be legitimate but break stale artifact assumptions;SOURCE C4 recovery records session state not all human writes. QUALITATIVE process and human ownership;All writers and edits are accounted for before new worker admission and isolated file history shows no overlapping writers
OPT097;S097;Blocked task carries a description only its original owner understands;Owner absent -> OP031 even though blocker text is durable. Other independent tasks remain OP001. Clarification or task-specific evidence understandable to substitute ends wait. Repeating opaque escalation adds no information;OP031 OP001;Need actual shared knowledge availability and whether the blocker encodes enough observable facts. A blocked status is not itself a usable handover;QUALITATIVE knowledge-access bottleneck. SOURCE C3 only knows nonterminal occupancy not human comprehension;A competent substitute correctly resolves the blocker from retained text and artifacts without contacting its owner
OPT098;S098;Author reviews their own flawed output with potential conflict of interest;Self-approval may leave accepted incorrect artifact OP005. Independent objective task-specific check catches error -> OP026 then corrected OP001. Bias alone does not prove a persistent loop or even an incorrect verdict in each case;OP005 OP026 OP001;Need observed error and validator sensitivity. Approval must actually gate acceptance and no independent oracle may silently be assumed;SOURCE C5 structural completion checks do not enforce independent correctness review. QUALITATIVE human acceptance;Independent expected-output comparison shows self-approved result correct or enforced objective validation catches the specified flaw before use
OPT099;S099;Human requests immediate new start while old workspace lease/liveness is unresolved;Normal begin_start with stable same directory rejects competing lease -> OP026/OP015. Human bypass releases lease or launches outside Factory while old writer lives -> OP016. Positive old-writer death/identity evidence permits OP001 after reconciliation;OP026 OP015 OP016 OP001;Human urgency is not evidence about process state. A requested bypass is an additional action not performed by this review;SOURCE C10 lease guard and C4 presumption gap. QUALITATIVE authorized/unauthorized manual override alternatives;Every new writer starts only after all old write capabilities are positively extinguished or normal begin_start unexpectedly admits the live lease
OPT100;S100;All operator access is lost and recovery instructions exist only behind the inaccessible device boundary;No independent recovery path -> OP013 and human decision service OP031. Local autonomous work may continue OP001 but owner cannot inspect it. Independent escrow/account recovery ends wait. Unique key/instruction destruction can mean OP006 only under proven only-copy assumptions;OP013 OP031 OP001 OP006;Lost access does not equal erased bits. Need independently reachable authority instructions and decryption material rather than recovery procedures that assume the lost access;QUALITATIVE circular access dependency. DESIGN local recovery mode cannot grant physical/account access;A usable independent recovery path supplies required instructions and authority without first requiring any lost credential or inaccessible device content
